sleep_duration,bedtime_hour,wake_hour,caffeine_intake,exercise_duration,screen_time,stress_level,mood,sleep_interruptions,water_intake,daily_steps,age,gender,bmi,sleep_quality
7.15,23.69,6.84,Moderate,120.0,31.2,7,Happy,Yes,2.96,3687,30,Female,26.9,Average
6.32,22.86,5.18,None,15.0,18.1,8,Happy,Yes,2.2,6791,44,Male,24.1,Poor
7.34,23.68,7.02,None,11.0,61.6,8,Happy,Yes,2.37,3449,34,Male,23.3,Average
8.48,0.31,8.79,High,12.8,122.9,1,Happy,No,1.8,5846,48,Male,22.6,Good
6.2,23.57,5.77,Low,3.1,81.1,8,Happy,No,3.0,2942,32,Male,22.8,Average
6.2,23.56,5.76,None,53.7,69.1,6,Happy,No,3.06,2627,37,Female,25.6,Good
8.55,22.45,7.0,Moderate,13.4,92.0,4,Neutral,No,2.17,8020,22,Female,24.8,Good
7.5,22.51,6.01,Moderate,12.2,11.4,6,Happy,No,1.79,5261,24,Male,23.4,Average
5.89,21.4,3.29,Moderate,26.9,112.3,8,Anxious,No,1.07,5543,35,Female,28.8,Poor
7.21,2.0,9.21,Low,14.6,107.3,7,Happy,Yes,1.59,5100,28,Male,15.0,Average
5.9,21.63,3.53,None,26.1,71.6,5,Happy,No,0.68,15169,49,Male,25.3,Good
5.89,22.46,4.35,High,1.6,135.3,3,Neutral,Yes,1.56,8822,44,Female,26.0,Poor
6.81,22.42,5.23,Low,42.0,39.3,0,Happy,Yes,2.45,9144,43,Male,27.5,Good
4.01,0.84,4.85,Moderate,70.5,140.8,5,Sad,No,2.16,4674,54,Female,23.3,Poor
4.26,23.06,3.32,Moderate,26.2,97.0,2,Happy,No,3.83,8514,62,Male,24.2,Poor
5.77,1.37,7.14,Moderate,77.3,74.9,5,Anxious,No,1.94,6317,45,Male,27.0,Poor
5.18,22.49,3.67,Low,4.1,89.1,5,Anxious,No,1.89,4650,19,Male,28.7,Poor
6.91,23.92,6.83,Low,16.2,85.2,3,Neutral,No,2.94,12787,37,Male,22.4,Good
5.32,22.25,3.57,Moderate,23.0,144.9,1,Neutral,No,0.85,8718,21,Female,24.4,Average
4.66,2.0,6.66,High,21.8,41.5,8,Neutral,No,1.16,8567,30,Male,29.4,Poor
8.41,21.72,6.13,High,12.8,55.7,1,Neutral,No,2.66,4085,41,Female,16.1,Good
6.21,23.96,6.17,None,10.3,136.6,2,Neutral,No,2.06,3189,55,Female,21.1,Average
6.59,0.45,7.04,None,3.4,63.2,9,Happy,Yes,2.08,6827,57,Male,28.6,Average
4.65,0.12,4.77,High,12.4,130.5,0,Happy,Yes,1.54,5279,62,Female,27.3,Poor
5.79,23.22,5.01,Moderate,4.4,166.5,6,Neutral,No,2.37,8838,46,Male,25.3,Poor
6.64,23.31,5.95,High,33.1,71.9,0,Neutral,Yes,1.63,9038,53,Female,21.9,Average
5.0,23.57,4.57,None,5.9,120.7,10,Anxious,No,2.25,7197,19,Female,20.4,Poor
6.99,23.28,6.27,Moderate,1.5,38.1,8,Happy,Yes,1.39,9483,58,Male,21.4,Poor
5.72,0.95,6.67,Moderate,20.1,124.0,10,Sad,Yes,2.07,7580,35,Male,28.9,Poor
6.12,2.0,8.12,Moderate,22.6,99.0,10,Happy,No,3.62,4385,25,Female,21.3,Poor
5.72,22.66,4.38,Low,51.4,111.3,0,Neutral,No,1.9,6405,32,Male,23.9,Good
8.91,21.45,6.36,None,21.5,60.9,4,Happy,Yes,2.11,7407,58,Male,20.9,Good
6.48,23.37,5.85,Moderate,10.6,15.3,6,Neutral,No,2.06,9787,34,Female,26.4,Average
5.12,2.0,7.12,Low,40.6,112.6,2,Happy,No,2.32,7675,40,Female,21.6,Good
7.57,22.29,5.86,Low,19.4,0.0,8,Neutral,Yes,2.53,5286,19,Male,23.2,Average
4.91,1.96,6.87,High,2.1,75.7,7,Sad,No,2.38,9899,23,Female,17.6,Poor
6.77,2.0,8.77,Low,20.9,132.4,2,Neutral,No,2.4,8142,46,Male,17.9,Good
3.95,22.67,2.62,Moderate,59.7,98.6,4,Neutral,No,2.07,11637,44,Male,23.5,Poor
4.77,0.35,5.12,None,12.6,177.7,6,Sad,No,2.27,7262,54,Female,18.9,Poor
6.76,1.94,8.7,Moderate,8.8,136.1,3,Sad,Yes,2.05,3888,51,Male,30.9,Poor
7.46,22.93,6.39,High,3.9,60.6,4,Neutral,Yes,0.93,10531,35,Female,16.3,Poor
6.72,23.19,5.91,None,4.1,91.2,2,Happy,No,4.04,5270,59,Male,20.7,Good
6.35,22.63,4.98,None,14.2,87.9,8,Anxious,No,2.71,7886,27,Male,23.6,Poor
6.11,21.98,4.09,Low,22.6,18.8,9,Neutral,No,1.51,7557,55,Male,22.2,Average
4.58,22.53,3.11,None,2.1,47.7,8,Happy,No,2.36,7137,61,Female,19.6,Poor
5.56,21.66,3.22,Moderate,70.2,64.8,6,Happy,Yes,1.26,6491,34,Female,20.1,Average
5.9,23.55,5.45,High,35.2,0.0,9,Sad,No,1.85,2044,30,Male,20.0,Poor
7.87,22.35,6.22,Low,22.1,92.1,1,Happy,Yes,1.16,3994,59,Female,22.5,Average
6.95,23.85,6.8,Low,44.1,78.8,6,Anxious,Yes,2.16,10366,44,Female,30.3,Poor
4.21,21.17,1.38,Low,2.1,14.7,6,Happy,Yes,1.09,8286,19,Male,23.8,Poor
6.92,24.0,6.92,Moderate,16.2,108.2,10,Sad,No,2.47,12728,51,Female,27.6,Poor
6.0,0.75,6.75,None,24.9,122.2,4,Neutral,Yes,2.68,3887,48,Female,25.3,Poor
5.62,20.51,2.13,Moderate,44.1,100.2,8,Neutral,No,1.62,6908,40,Female,27.4,Poor
7.3,0.06,7.36,Moderate,38.3,75.4,10,Anxious,No,2.31,10490,24,Male,15.0,Poor
7.84,1.34,9.18,Moderate,8.1,116.6,2,Neutral,No,1.58,5303,55,Male,22.4,Good
7.71,21.69,5.4,None,70.7,120.6,3,Neutral,No,2.56,5544,50,Female,28.1,Good
5.41,2.0,7.41,Moderate,3.3,103.8,0,Happy,No,1.72,6120,29,Male,21.5,Good
6.1,0.13,6.23,None,52.0,52.9,5,Happy,Yes,2.75,5664,62,Female,29.7,Average
6.93,22.44,5.37,None,88.5,102.4,3,Happy,No,0.93,8595,29,Male,28.7,Good
7.77,23.42,7.19,High,4.9,143.8,0,Neutral,No,1.5,1659,36,Female,21.9,Good
5.88,0.34,6.22,Moderate,32.0,63.2,1,Happy,No,1.42,11928,26,Male,21.7,Good
6.26,23.61,5.87,None,1.0,184.4,2,Happy,No,2.34,4121,27,Female,20.0,Good
5.06,0.31,5.37,None,13.0,66.3,8,Neutral,No,2.59,648,34,Male,21.3,Poor
4.94,22.12,3.06,None,18.2,91.5,7,Neutral,No,2.4,6969,57,Female,19.2,Poor
7.56,23.75,7.31,Low,21.7,59.7,6,Sad,No,1.84,5868,56,Male,25.0,Average
8.26,21.38,5.64,None,68.7,100.0,10,Happy,No,0.5,6466,58,Male,18.4,Good
6.41,23.33,5.74,None,27.9,11.6,3,Happy,No,2.23,7938,27,Male,25.6,Good
7.8,22.14,5.94,Low,16.4,65.4,0,Anxious,No,2.75,8935,29,Female,25.7,Good
6.97,22.4,5.37,Moderate,41.5,40.9,7,Happy,No,4.08,12060,32,Female,17.7,Good
5.66,1.35,7.01,Moderate,75.2,96.1,3,Anxious,No,1.9,4930,48,Female,28.9,Average
6.97,1.14,8.11,Moderate,0.6,134.8,2,Anxious,No,1.73,9323,32,Male,25.3,Average
8.5,0.41,8.91,None,101.2,119.1,8,Sad,No,2.42,9127,45,Female,26.1,Average
6.45,21.86,4.31,High,2.3,0.0,9,Happy,No,2.02,500,21,Male,20.8,Poor
8.53,23.03,7.56,Moderate,42.1,181.9,3,Sad,Yes,3.09,4500,53,Male,25.7,Average
3.09,1.32,4.41,Moderate,8.2,103.3,3,Sad,No,1.63,3139,18,Male,27.4,Poor
7.57,23.71,7.28,Moderate,3.5,55.1,8,Neutral,No,2.03,8344,61,Female,23.2,Average
6.61,2.0,8.61,High,14.5,97.1,10,Happy,Yes,2.81,8013,51,Male,30.5,Poor
6.11,0.09,6.2,Low,25.8,97.9,1,Happy,No,2.42,8074,64,Female,23.7,Good
6.62,23.79,6.41,None,12.0,60.0,4,Happy,No,3.01,6083,34,Female,27.5,Good
3.92,23.04,2.96,Moderate,1.4,98.9,3,Neutral,No,1.89,6386,56,Male,24.5,Average
6.21,23.7,5.91,Moderate,22.9,62.7,8,Neutral,Yes,3.08,6914,55,Female,25.5,Poor
6.96,23.27,6.23,Moderate,58.2,71.8,4,Neutral,No,1.04,5797,61,Male,17.7,Good
8.42,0.56,8.98,Low,12.1,59.1,8,Neutral,No,1.06,9332,50,Male,24.8,Good
5.83,0.94,6.77,None,6.1,25.5,10,Neutral,No,3.1,3791,38,Female,20.9,Poor
5.45,22.32,3.77,Low,14.6,96.6,8,Neutral,Yes,2.21,4655,43,Male,20.5,Poor
5.85,21.5,3.35,High,1.2,116.3,1,Anxious,No,2.84,7364,63,Male,29.6,Poor
7.69,20.75,4.44,Moderate,42.9,113.2,8,Happy,No,2.27,5896,53,Male,22.8,Average
6.93,0.26,7.19,Low,43.8,126.9,2,Neutral,No,2.2,3674,22,Female,20.0,Good
5.81,21.84,3.65,Low,22.2,104.6,3,Happy,No,1.27,8596,50,Female,22.2,Average
7.17,20.27,3.44,Low,10.9,66.0,0,Neutral,No,2.18,5283,18,Female,18.9,Average
6.63,0.08,6.71,High,40.2,127.8,0,Sad,No,3.15,4466,23,Male,28.5,Average
7.76,2.0,9.76,Moderate,20.2,28.9,0,Anxious,No,2.24,6477,54,Male,21.1,Good
5.59,23.49,5.08,Moderate,43.7,49.5,8,Happy,No,2.68,4320,19,Female,25.4,Average
6.07,0.76,6.83,Low,25.0,46.6,10,Anxious,No,2.66,6897,22,Female,28.2,Poor
5.99,23.62,5.61,Moderate,38.4,138.6,7,Happy,No,1.49,5921,43,Female,21.7,Poor
4.6,23.35,3.95,None,22.8,132.4,4,Neutral,Yes,2.8,5462,58,Female,25.4,Poor
6.88,0.88,7.76,Moderate,13.4,111.9,4,Happy,No,1.98,5481,64,Female,19.9,Average
6.84,23.06,5.9,Low,79.2,138.2,8,Anxious,Yes,2.02,9987,30,Male,32.1,Poor
6.51,23.9,6.41,Low,19.5,50.4,2,Neutral,Yes,3.67,8108,29,Female,26.8,Average
6.2,23.98,6.18,Moderate,23.2,105.7,2,Neutral,No,2.62,1872,22,Male,22.8,Average
4.66,22.5,3.16,High,6.2,84.4,6,Sad,No,1.75,9649,19,Male,20.8,Poor
5.95,0.99,6.94,None,24.6,128.1,8,Happy,No,2.25,8550,21,Male,23.1,Poor
6.05,23.24,5.29,Moderate,21.2,84.8,5,Happy,No,2.23,8373,44,Male,22.3,Good
5.46,22.37,3.83,Low,5.1,72.7,1,Anxious,No,3.38,9664,27,Female,30.3,Average
6.29,0.3,6.59,Low,1.5,114.3,0,Happy,No,2.23,7045,30,Male,19.2,Average
7.03,22.15,5.18,None,23.2,129.4,1,Happy,No,3.75,8860,61,Female,24.0,Good
8.95,23.54,8.49,Low,36.1,59.9,0,Neutral,No,1.29,5607,19,Male,23.4,Good
6.73,23.49,6.22,Low,18.5,87.3,9,Neutral,No,2.18,9543,43,Female,23.1,Average
6.83,1.13,7.96,None,6.4,42.4,9,Happy,No,1.67,7654,32,Female,23.1,Average
6.4,0.21,6.61,Low,27.5,0.0,8,Happy,No,1.85,2869,63,Male,23.1,Good
4.01,23.46,3.47,High,2.1,99.0,9,Happy,Yes,1.87,10109,27,Female,26.6,Poor
6.47,0.73,7.2,None,14.6,117.4,7,Neutral,Yes,1.7,6613,39,Male,25.6,Average
6.58,1.59,8.17,Moderate,4.5,101.8,6,Anxious,Yes,3.41,6196,57,Female,25.0,Poor
9.7,0.34,10.04,Low,5.1,2.3,2,Anxious,Yes,3.2,5672,42,Male,15.0,Average
6.25,23.52,5.77,Moderate,5.7,74.2,7,Neutral,No,2.48,5892,32,Male,24.5,Average
6.89,21.53,4.42,Low,12.2,0.0,1,Happy,Yes,1.87,7689,30,Female,17.7,Good
6.45,21.9,4.35,None,1.3,151.6,1,Anxious,Yes,1.72,4037,25,Female,25.8,Average
4.98,23.04,4.02,None,12.7,41.1,10,Neutral,Yes,2.72,2294,38,Male,28.7,Poor
7.99,22.59,6.58,None,17.9,146.5,9,Happy,Yes,2.41,3807,38,Male,20.3,Good
7.48,23.22,6.7,None,16.5,132.6,2,Anxious,Yes,2.1,8145,39,Female,22.6,Average
7.53,23.58,7.11,Moderate,12.1,49.5,6,Sad,No,2.58,6514,63,Male,21.4,Good
5.32,0.29,5.61,High,45.7,39.0,0,Sad,No,2.82,10340,50,Male,27.8,Poor
8.32,23.39,7.71,Moderate,3.9,105.8,7,Sad,Yes,2.09,6805,62,Male,23.8,Poor
4.68,0.23,4.91,Moderate,17.6,52.0,6,Happy,No,1.65,9528,44,Female,29.5,Poor
7.26,23.6,6.86,None,1.6,94.6,3,Happy,No,1.28,4922,57,Male,24.9,Good
9.35,20.54,5.89,Low,1.8,68.3,4,Neutral,Yes,2.38,5695,39,Male,24.3,Average
5.21,22.09,3.3,Low,21.3,9.8,9,Happy,No,3.72,7029,47,Female,23.7,Average
5.76,23.28,5.04,None,20.9,0.0,0,Neutral,No,1.42,6559,26,Male,26.4,Good
6.63,21.69,4.32,Low,52.6,100.2,3,Sad,No,2.97,6279,62,Male,17.4,Average
5.85,0.4,6.25,Low,20.4,64.7,0,Sad,No,1.73,4384,52,Male,23.8,Good
4.48,1.8,6.28,Low,80.3,65.1,0,Neutral,Yes,1.87,2243,35,Male,23.3,Poor
6.59,1.33,7.92,Low,1.2,121.3,9,Sad,No,2.84,8893,59,Female,26.0,Poor
5.12,23.18,4.3,Moderate,2.6,142.8,0,Sad,No,2.02,8558,22,Male,22.8,Average
7.12,1.74,8.86,Moderate,1.1,77.7,6,Neutral,No,2.37,5158,44,Male,19.9,Average
5.3,23.72,5.02,Low,5.1,74.7,6,Happy,Yes,2.36,8137,23,Male,23.5,Poor
8.51,22.99,7.5,High,19.5,112.5,3,Happy,No,1.73,6501,49,Male,19.7,Good
5.48,22.58,4.06,High,25.9,28.9,1,Happy,No,2.83,10319,25,Male,16.8,Average
6.08,23.05,5.13,Low,1.2,100.0,2,Happy,No,2.16,3063,56,Female,26.0,Good
7.56,22.92,6.48,Low,73.0,114.8,7,Happy,Yes,1.23,6620,38,Female,25.5,Average
4.9,23.76,4.66,Low,46.2,120.6,7,Happy,No,1.58,6380,35,Male,25.1,Poor
6.8,23.74,6.54,High,8.8,2.8,10,Neutral,No,0.5,7483,31,Male,28.1,Average
8.2,23.5,7.7,High,2.0,55.7,10,Anxious,No,2.24,11611,32,Female,21.2,Average
4.41,0.16,4.57,None,4.7,50.5,5,Happy,No,3.11,6629,59,Female,18.5,Average
6.74,1.29,8.03,Low,3.4,94.5,9,Sad,No,1.47,9229,43,Female,23.3,Poor
6.84,0.92,7.76,Moderate,3.3,111.6,8,Neutral,No,2.61,6557,61,Male,22.3,Average
7.52,21.27,4.79,Low,18.3,157.4,10,Happy,No,2.5,10213,49,Male,20.6,Average
4.89,20.0,0.89,None,7.1,67.7,8,Anxious,No,1.67,9259,56,Male,23.2,Poor
4.78,0.9,5.68,High,11.1,67.6,3,Neutral,No,3.28,6000,45,Male,21.4,Poor
7.18,21.45,4.63,Moderate,113.9,141.7,0,Neutral,Yes,2.01,5784,56,Male,17.1,Good
6.89,23.16,6.05,Moderate,28.8,103.3,0,Sad,No,3.61,8461,60,Male,22.0,Good
6.83,21.74,4.57,High,74.4,147.0,9,Happy,No,1.06,5034,49,Female,19.5,Average
6.95,20.8,3.75,Moderate,3.8,103.0,4,Neutral,No,2.01,7572,30,Female,24.3,Average
5.62,0.31,5.93,Low,12.0,37.9,1,Happy,No,2.09,5933,32,Male,21.2,Average
6.8,0.64,7.44,Moderate,20.2,30.0,5,Sad,No,2.17,8104,35,Male,27.4,Poor
6.88,22.64,5.52,None,2.0,20.2,6,Neutral,No,2.7,6517,56,Male,29.1,Average
5.57,20.0,1.57,Moderate,0.1,119.8,0,Neutral,Yes,4.58,4922,23,Female,25.9,Average
8.93,22.68,7.61,None,27.7,143.5,5,Happy,No,2.52,10316,28,Female,18.1,Good
7.12,0.09,7.21,Moderate,25.7,173.2,7,Neutral,Yes,2.22,7719,49,Female,28.8,Poor
4.95,21.28,2.23,None,13.2,127.9,4,Sad,Yes,1.43,6839,57,Female,29.0,Poor
7.35,23.78,7.13,None,16.8,142.3,6,Neutral,No,0.88,8260,37,Male,23.6,Average
5.23,23.48,4.71,None,13.4,63.9,9,Neutral,No,3.02,1986,50,Female,28.1,Poor
7.52,0.37,7.89,None,0.6,38.0,5,Neutral,No,1.82,13271,57,Female,21.6,Good
8.01,23.68,7.69,Moderate,10.2,128.3,3,Anxious,Yes,4.02,7074,25,Male,17.0,Average
5.43,22.04,3.47,Moderate,4.9,108.8,6,Neutral,Yes,2.81,1110,52,Male,20.8,Poor
7.75,1.29,9.04,Low,2.6,94.8,9,Sad,No,2.44,10591,22,Male,29.6,Average
7.04,23.26,6.3,None,78.5,107.4,8,Sad,No,2.48,4746,52,Female,18.3,Average
7.57,23.46,7.03,None,22.9,104.5,9,Neutral,Yes,2.48,10131,64,Male,23.5,Average
8.97,22.1,7.07,None,32.6,147.8,9,Happy,No,1.71,7365,31,Female,23.6,Good
6.18,22.84,5.02,None,9.5,148.3,6,Neutral,No,0.97,2289,38,Female,21.7,Poor
5.52,22.17,3.69,High,12.5,114.5,4,Sad,No,1.81,7784,64,Female,21.9,Poor
5.34,23.24,4.58,None,6.8,128.1,6,Happy,No,2.19,7563,41,Female,23.8,Average
5.44,2.0,7.44,Low,2.5,113.1,2,Neutral,No,1.75,10455,34,Male,21.5,Average
6.4,21.44,3.84,None,4.9,69.2,1,Sad,No,1.3,8566,35,Male,18.5,Average
6.94,21.08,4.02,None,39.9,124.0,10,Neutral,No,1.68,3282,51,Female,24.3,Average
6.86,1.71,8.57,Low,28.3,27.2,4,Neutral,Yes,2.93,10007,29,Male,27.3,Average
7.58,23.19,6.77,Moderate,19.8,137.4,3,Happy,No,2.72,5758,33,Female,26.5,Good
6.52,22.5,5.02,None,16.1,36.2,4,Happy,No,2.32,12161,21,Female,20.7,Good
8.39,1.06,9.45,None,63.9,102.9,7,Sad,No,2.61,5936,42,Male,19.1,Good
6.16,22.59,4.75,Low,1.9,52.0,3,Happy,No,1.41,6366,51,Male,22.5,Average
10.0,2.0,12.0,None,8.2,114.9,8,Happy,Yes,1.64,4534,45,Female,29.0,Good
7.31,0.52,7.83,None,10.8,88.5,6,Anxious,Yes,2.42,5504,63,Male,25.8,Poor
5.39,22.77,4.16,High,38.1,18.2,9,Happy,No,1.5,4711,28,Female,26.0,Poor
5.11,2.0,7.11,Moderate,120.0,108.9,6,Anxious,No,2.28,10529,30,Male,26.6,Poor
7.13,22.59,5.72,Moderate,6.9,64.0,7,Anxious,Yes,1.32,3005,48,Female,25.0,Average
6.21,0.61,6.82,Low,51.8,129.7,5,Happy,No,1.05,9414,42,Female,23.9,Average
7.43,23.95,7.38,Low,44.4,90.1,7,Happy,No,2.72,9486,56,Male,25.8,Good
7.12,1.45,8.57,Low,6.4,107.8,2,Sad,No,2.92,11133,27,Male,21.6,Good
6.41,1.84,8.25,Moderate,12.7,46.9,9,Neutral,No,1.76,7131,41,Female,18.5,Average
5.4,23.55,4.95,Moderate,13.2,63.5,9,Happy,No,1.14,3920,18,Male,26.0,Poor
4.53,22.37,2.9,None,95.7,69.4,0,Sad,No,0.65,6485,42,Male,27.8,Good
5.92,0.19,6.11,Low,5.0,128.6,5,Happy,No,3.49,8784,45,Female,19.6,Average
7.61,22.48,6.09,Low,40.1,165.5,0,Anxious,Yes,2.28,7254,53,Female,26.4,Good
6.78,2.0,8.78,High,10.2,53.8,8,Happy,Yes,1.77,8100,35,Male,29.4,Poor
4.88,23.7,4.58,Moderate,32.8,138.5,1,Happy,Yes,1.95,11096,23,Male,23.5,Poor
6.73,22.95,5.68,Low,13.6,0.0,10,Happy,No,0.86,8746,19,Female,20.6,Average
7.0,23.78,6.78,None,21.6,36.3,1,Anxious,Yes,2.63,7595,20,Female,23.9,Good
5.35,21.48,2.83,Moderate,44.7,46.9,6,Neutral,Yes,3.6,1467,63,Female,21.6,Poor
6.7,22.04,4.74,None,40.8,29.1,1,Sad,No,1.65,4648,25,Female,21.3,Good
6.58,1.3,7.88,Low,50.3,18.7,9,Neutral,Yes,3.87,5786,48,Female,25.0,Poor
5.01,22.51,3.52,None,1.5,108.6,7,Happy,Yes,2.12,1069,36,Female,17.9,Poor
6.97,21.93,4.9,Moderate,29.4,80.4,5,Happy,Yes,3.37,3672,23,Female,18.4,Good
7.23,0.3,7.53,None,3.8,107.1,6,Neutral,No,2.42,6195,31,Female,23.6,Good
7.91,1.28,9.19,Low,13.4,121.1,6,Neutral,Yes,2.41,6683,20,Male,23.4,Good
7.87,0.58,8.45,High,19.9,102.0,5,Neutral,No,3.49,8517,18,Male,24.7,Average
4.71,0.99,5.7,None,12.9,119.6,9,Happy,No,2.75,6384,61,Male,30.1,Poor
5.28,22.36,3.64,Low,18.3,86.9,10,Anxious,No,2.46,7744,47,Female,23.9,Poor
7.17,21.37,4.54,Low,120.0,36.6,8,Happy,No,0.84,5747,63,Male,25.6,Good
7.17,1.75,8.92,None,3.6,137.6,8,Anxious,No,1.14,7126,36,Female,20.1,Average
7.17,23.02,6.19,Moderate,28.1,63.5,6,Happy,Yes,2.52,8353,36,Male,26.2,Good
10.0,23.12,9.12,None,12.6,47.9,8,Neutral,Yes,3.23,11418,26,Female,21.7,Average
7.24,1.49,8.73,Low,3.6,82.0,9,Happy,Yes,2.29,5456,24,Female,23.7,Poor
7.98,0.33,8.31,Moderate,4.3,48.9,2,Neutral,Yes,1.79,7433,63,Male,23.1,Good
7.74,0.18,7.92,Moderate,74.5,71.2,2,Neutral,Yes,0.91,9607,54,Female,27.1,Good
7.35,2.0,9.35,Moderate,52.9,105.5,0,Neutral,Yes,1.65,2681,58,Male,18.9,Good
6.09,22.53,4.62,Low,59.4,105.7,4,Neutral,No,2.29,12993,24,Male,15.5,Average
7.49,0.89,8.38,None,119.3,49.6,3,Sad,No,1.6,10537,26,Male,22.8,Good
5.5,23.59,5.09,Moderate,5.8,68.1,1,Neutral,No,1.52,1866,21,Male,25.1,Average
6.19,23.9,6.09,Low,11.0,138.3,8,Sad,No,2.16,8114,42,Male,24.0,Average
5.87,1.79,7.66,Moderate,27.7,112.3,2,Happy,Yes,3.21,5307,29,Male,27.8,Average
6.61,0.26,6.87,Moderate,16.5,183.4,7,Neutral,Yes,2.68,5808,23,Male,25.0,Average
9.51,0.31,9.82,Moderate,13.5,143.1,5,Neutral,No,2.4,8052,35,Male,21.5,Good
4.07,1.11,5.18,Low,11.1,141.5,4,Neutral,Yes,2.33,10151,57,Male,15.4,Poor
7.39,22.95,6.34,Low,22.5,27.5,0,Neutral,Yes,2.59,5602,38,Female,22.7,Good
4.4,22.24,2.64,Moderate,21.4,124.4,3,Happy,No,2.12,5643,32,Female,27.1,Poor
5.89,21.93,3.82,Low,4.4,87.6,2,Happy,No,1.91,8117,20,Male,22.1,Good
7.92,20.55,4.47,None,16.0,65.2,0,Happy,No,2.72,8716,19,Female,23.6,Good
6.58,2.0,8.58,High,20.2,97.6,4,Happy,Yes,2.04,3979,58,Female,25.0,Average
5.1,21.85,2.95,High,21.1,132.5,5,Neutral,No,1.37,12171,57,Male,19.9,Average
5.57,23.17,4.74,Low,5.9,112.5,1,Neutral,No,3.21,5070,21,Male,25.7,Average
7.38,23.08,6.46,None,33.9,50.5,2,Anxious,No,0.89,9894,49,Female,29.2,Good
5.55,23.96,5.51,Low,0.6,123.4,10,Sad,No,3.26,8355,19,Male,22.9,Poor
6.78,0.72,7.5,Moderate,11.0,61.3,5,Happy,No,2.55,8819,63,Male,19.5,Good
6.56,0.79,7.35,High,37.9,99.8,3,Anxious,Yes,1.52,5128,46,Male,23.3,Average
5.65,22.63,4.28,None,20.7,76.3,8,Anxious,No,2.22,1828,19,Female,15.7,Poor
9.29,23.25,8.54,None,7.6,80.2,4,Neutral,No,1.9,6936,51,Male,24.7,Good
7.32,23.92,7.24,High,29.7,124.5,3,Neutral,No,2.77,6948,44,Female,25.1,Average
3.87,23.13,3.0,Low,20.9,43.2,1,Anxious,No,2.75,4126,56,Male,29.4,Poor
6.74,1.91,8.65,Low,39.8,177.5,5,Neutral,No,2.52,9754,61,Male,22.8,Good
5.64,0.24,5.88,High,33.2,8.1,9,Anxious,No,2.72,6845,55,Female,24.9,Poor
7.61,0.6,8.21,None,23.5,63.1,1,Happy,No,2.12,4573,35,Male,20.5,Good
5.47,0.49,5.96,Moderate,16.7,106.7,6,Happy,No,3.43,8755,53,Female,22.3,Average
6.35,1.26,7.61,None,3.6,116.3,2,Neutral,No,3.06,8835,36,Female,18.2,Average
7.16,23.77,6.93,Low,7.6,85.5,8,Neutral,Yes,1.87,4851,44,Male,22.8,Average
7.63,21.55,5.18,Moderate,13.6,87.4,10,Sad,Yes,2.77,10700,62,Male,22.4,Average
4.94,0.1,5.04,Low,22.9,108.5,4,Anxious,No,2.71,13730,37,Female,24.5,Average
6.07,22.52,4.59,High,18.0,79.6,7,Neutral,No,2.02,3730,38,Female,21.3,Average
5.88,22.71,4.59,Moderate,8.5,152.7,10,Happy,No,1.96,6449,40,Male,23.8,Poor
5.65,0.38,6.03,Low,0.2,127.8,5,Sad,No,3.05,8011,47,Male,22.3,Poor
8.8,1.36,10.16,None,17.1,129.3,9,Neutral,Yes,2.19,13841,42,Male,22.3,Average
7.03,23.53,6.56,Low,8.4,46.5,7,Happy,Yes,2.38,4799,48,Male,23.8,Average
4.86,23.96,4.82,Low,33.2,86.4,10,Neutral,No,3.18,4181,44,Male,23.6,Poor
7.69,2.0,9.69,None,0.6,76.5,2,Sad,Yes,3.97,4161,51,Female,26.2,Average
9.26,23.86,9.12,Low,22.0,44.7,2,Sad,No,1.83,10664,25,Female,23.1,Good
7.84,2.0,9.84,Low,71.0,106.2,4,Neutral,Yes,2.05,4877,36,Female,22.3,Good
4.52,0.35,4.87,Moderate,4.8,65.8,10,Happy,Yes,2.25,4450,58,Female,22.9,Poor
5.87,20.86,2.73,Moderate,15.9,119.5,9,Anxious,No,2.27,7693,43,Male,21.0,Average
8.15,0.63,8.78,Moderate,2.4,41.8,2,Neutral,No,2.46,7925,45,Female,22.2,Good
5.58,0.07,5.65,None,24.6,167.4,7,Neutral,No,1.86,10213,21,Male,30.6,Poor
7.08,1.43,8.51,None,20.0,49.7,9,Happy,Yes,1.31,7276,48,Male,20.3,Average
7.51,0.51,8.02,Moderate,13.1,99.9,7,Sad,No,3.43,7747,33,Male,22.5,Average
5.29,23.29,4.58,Low,18.4,125.6,1,Happy,No,2.63,6684,27,Male,22.1,Good
6.42,21.66,4.08,None,56.7,64.3,3,Happy,No,1.91,3087,55,Male,22.6,Good
3.0,23.19,2.19,Moderate,5.5,128.4,9,Neutral,No,2.51,6401,27,Female,22.3,Poor
5.17,22.22,3.39,Moderate,0.6,34.7,0,Happy,Yes,3.48,7189,62,Male,24.5,Poor
6.17,22.63,4.8,Low,49.5,155.3,3,Neutral,No,1.65,5669,26,Male,17.5,Average
4.88,0.38,5.26,None,21.5,90.6,10,Happy,No,2.35,2307,56,Male,27.1,Poor
8.62,2.0,10.62,Moderate,55.3,63.2,3,Neutral,No,1.23,3595,53,Female,25.7,Good
4.64,0.09,4.73,Moderate,22.7,76.5,9,Happy,Yes,2.12,6882,53,Male,19.1,Poor
5.93,21.71,3.64,Moderate,41.5,126.4,8,Happy,No,2.63,9798,36,Male,15.6,Poor
6.67,0.17,6.84,Moderate,14.0,63.7,2,Happy,No,1.42,12047,36,Male,20.1,Average
8.37,1.29,9.66,Moderate,34.6,56.3,1,Anxious,Yes,2.07,6449,29,Female,22.7,Good
4.63,22.59,3.22,Low,61.1,80.0,8,Anxious,Yes,2.76,4849,30,Male,32.5,Poor
8.01,23.3,7.31,None,21.2,37.0,8,Happy,No,2.61,5882,42,Female,25.4,Average
6.51,23.52,6.03,Moderate,5.0,171.9,0,Sad,No,1.39,3861,53,Female,17.2,Good
5.22,22.32,3.54,Moderate,7.8,64.5,5,Neutral,No,2.46,9363,42,Male,21.1,Poor
7.1,0.47,7.57,Moderate,5.5,127.4,9,Anxious,No,2.59,13413,45,Female,23.3,Poor
6.76,23.32,6.08,None,7.1,99.4,7,Neutral,No,2.28,4922,59,Female,24.4,Good
5.72,0.13,5.85,None,9.1,45.7,2,Neutral,No,2.96,3424,56,Male,18.9,Good
6.59,22.17,4.76,High,20.2,89.7,10,Happy,Yes,1.79,10019,47,Male,23.0,Poor
6.0,22.84,4.84,Moderate,22.2,125.3,8,Neutral,No,2.49,7954,22,Male,21.0,Poor
6.65,0.58,7.23,High,13.9,81.5,1,Anxious,No,1.38,8005,34,Male,19.6,Good
7.36,22.94,6.3,Moderate,23.9,143.7,5,Neutral,Yes,1.08,11765,35,Female,24.4,Average
8.56,2.0,10.56,Moderate,2.1,136.0,0,Happy,No,2.75,2901,60,Female,26.2,Good
4.89,22.9,3.79,Moderate,2.3,131.4,6,Happy,No,2.21,2817,64,Male,26.4,Poor
9.27,23.84,9.11,High,4.7,69.3,2,Sad,No,1.88,6515,38,Male,25.5,Average
3.96,0.9,4.86,Moderate,18.2,41.4,6,Neutral,No,1.45,7190,39,Male,21.8,Poor
6.3,21.37,3.67,Moderate,6.0,62.4,3,Neutral,No,2.78,5935,56,Female,26.0,Average
7.26,20.86,4.12,None,8.3,98.8,8,Anxious,Yes,1.14,14382,23,Male,24.6,Poor
6.87,21.21,4.08,Low,12.8,114.6,4,Happy,No,2.9,6069,33,Female,24.0,Average
5.69,1.39,7.08,Moderate,41.8,0.0,2,Happy,No,2.52,5348,19,Female,21.4,Good
6.23,22.67,4.9,Low,0.3,89.6,7,Anxious,No,1.18,7373,18,Female,21.8,Average
5.86,2.0,7.86,None,26.2,97.1,5,Happy,No,2.29,9913,47,Female,23.8,Poor
5.73,22.65,4.38,Low,27.6,77.5,1,Happy,No,4.06,4824,60,Male,32.0,Good
7.6,23.78,7.38,None,40.1,148.1,2,Neutral,Yes,3.03,6559,54,Male,24.6,Good
6.96,1.81,8.77,None,67.5,109.0,7,Sad,Yes,1.62,9998,40,Male,21.4,Poor
5.6,2.0,7.6,Low,0.5,149.0,9,Happy,No,2.7,10164,18,Female,20.6,Average
7.67,2.0,9.67,High,4.2,80.3,6,Anxious,Yes,1.21,7653,36,Female,21.8,Poor
6.9,1.31,8.21,Low,54.3,132.2,9,Sad,Yes,1.24,14255,63,Male,31.1,Poor
7.56,1.04,8.6,None,15.3,163.6,5,Happy,No,2.15,12942,20,Female,22.1,Good
7.32,0.39,7.71,None,20.8,149.0,0,Sad,No,2.59,2782,19,Female,26.7,Good
5.42,0.67,6.09,Moderate,27.2,40.9,8,Neutral,Yes,2.77,1924,54,Female,22.2,Poor
5.77,22.67,4.44,Low,28.4,78.6,2,Neutral,No,2.78,9387,34,Male,24.4,Good
7.47,22.27,5.74,Moderate,67.1,74.5,4,Sad,No,2.55,11096,45,Male,26.3,Good
7.29,23.49,6.78,Moderate,120.0,112.0,6,Anxious,No,1.07,6326,35,Male,21.5,Average
6.47,23.24,5.71,Moderate,31.8,120.9,6,Happy,No,2.16,5493,50,Female,21.3,Good
6.65,22.82,5.47,Low,8.5,52.2,2,Neutral,No,2.88,4539,32,Male,29.3,Average
8.16,0.54,8.7,Moderate,53.0,93.1,3,Neutral,Yes,2.51,3496,39,Male,26.9,Good
5.73,0.93,6.66,Low,1.3,0.0,9,Neutral,Yes,2.33,10409,58,Male,26.3,Poor
7.21,23.63,6.84,High,6.6,154.9,6,Neutral,No,2.43,5856,44,Female,26.3,Average
6.24,1.72,7.96,Moderate,56.9,66.9,7,Happy,No,2.42,7905,54,Female,25.1,Average
6.22,21.79,4.01,Low,7.4,92.5,1,Neutral,No,0.82,1523,49,Female,30.6,Average
7.93,23.21,7.14,Low,6.2,76.1,8,Neutral,No,3.01,10007,62,Female,23.7,Good
7.57,22.42,5.99,None,3.7,141.6,6,Happy,No,2.12,8763,36,Female,25.5,Good
7.56,20.7,4.26,Moderate,49.0,0.0,7,Sad,No,2.7,2966,45,Male,18.4,Good
8.2,23.38,7.58,None,17.3,89.3,5,Sad,Yes,0.59,7777,45,Male,20.6,Average
6.53,23.32,5.85,Moderate,28.1,85.2,5,Neutral,Yes,3.36,7014,27,Female,19.3,Poor
7.39,1.77,9.16,Low,6.8,69.6,8,Happy,No,1.39,5650,37,Female,28.0,Good
6.1,0.45,6.55,Moderate,35.5,167.7,3,Neutral,Yes,3.98,500,42,Male,15.0,Poor
6.92,21.96,4.88,Moderate,35.7,50.1,10,Happy,Yes,3.68,5019,38,Female,22.1,Poor
6.33,2.0,8.33,Moderate,9.4,124.7,10,Happy,No,1.27,7907,31,Female,15.0,Average
6.63,1.33,7.96,Moderate,13.2,106.0,4,Sad,No,2.77,5354,39,Female,20.6,Poor
7.27,0.37,7.64,None,5.9,146.8,8,Happy,No,1.49,6335,43,Female,21.8,Good
5.44,23.16,4.6,None,93.8,60.0,0,Happy,Yes,1.75,11490,61,Female,28.3,Average
9.22,22.06,7.28,Moderate,25.9,57.0,3,Happy,Yes,1.77,6767,28,Male,24.9,Good
5.19,22.94,4.13,Low,68.2,139.3,6,Happy,Yes,2.51,710,24,Male,20.6,Poor
4.92,1.13,6.05,Low,9.0,109.1,10,Happy,No,2.43,6445,34,Female,27.2,Poor
8.01,2.0,10.01,None,38.1,20.5,8,Anxious,No,1.36,7298,35,Female,23.6,Good
7.53,1.81,9.34,Low,36.3,65.7,10,Happy,No,2.51,4524,24,Male,23.6,Average
7.31,22.77,6.08,None,29.4,107.4,9,Happy,No,2.06,9204,37,Female,19.3,Good
7.32,21.82,5.14,High,84.3,127.7,5,Happy,No,0.93,2613,55,Male,20.0,Good
6.48,23.71,6.19,None,12.5,59.4,7,Anxious,Yes,1.9,6587,28,Female,20.6,Poor
5.33,20.85,2.18,Moderate,3.5,0.0,8,Neutral,No,3.36,2579,61,Male,23.7,Poor
6.6,23.98,6.58,None,27.8,113.5,9,Neutral,No,1.92,6113,33,Male,23.8,Average
5.62,23.28,4.9,Moderate,32.7,35.1,3,Anxious,No,0.92,9124,44,Female,28.9,Poor
7.77,22.8,6.57,Low,21.4,0.0,0,Neutral,No,2.77,6515,28,Female,24.8,Good
6.31,21.11,3.42,High,5.8,0.0,7,Happy,Yes,1.55,6340,33,Male,15.0,Average
5.43,0.27,5.7,High,17.6,126.6,1,Happy,No,2.35,7083,40,Female,24.4,Average
6.08,22.7,4.78,Low,9.4,95.8,10,Neutral,No,2.08,7233,29,Male,18.4,Average
7.04,21.75,4.79,High,13.9,79.8,0,Happy,Yes,3.43,9081,57,Female,20.1,Average
5.77,20.0,1.77,High,25.9,152.5,6,Neutral,Yes,2.08,9099,20,Female,20.7,Poor
5.43,23.46,4.89,Moderate,34.2,118.7,9,Happy,No,1.4,11265,19,Female,21.2,Average
6.82,2.0,8.82,Moderate,6.6,162.7,8,Neutral,No,1.87,7503,55,Male,18.7,Average
6.82,1.99,8.81,None,13.0,27.3,10,Happy,Yes,1.34,2018,41,Male,24.2,Poor
5.84,22.81,4.65,Moderate,7.8,88.4,8,Happy,No,2.05,9574,46,Female,18.6,Average
5.89,22.6,4.49,None,5.5,17.2,2,Neutral,Yes,3.44,11049,64,Male,24.7,Average
6.8,0.2,7.0,None,38.2,79.7,5,Anxious,No,3.07,14385,63,Female,31.3,Average
4.62,22.0,2.62,High,60.0,78.8,6,Neutral,Yes,3.63,11355,51,Male,18.8,Poor
4.67,23.95,4.62,Low,11.6,118.2,9,Neutral,Yes,2.54,5529,37,Female,22.5,Poor
5.57,0.65,6.22,Moderate,34.8,92.1,8,Happy,No,2.3,7562,35,Male,15.0,Poor
6.22,1.34,7.56,Moderate,56.8,118.1,1,Happy,Yes,1.5,6188,31,Male,22.4,Good
6.9,23.35,6.25,High,46.8,121.7,7,Happy,No,2.39,5780,35,Male,25.7,Average
8.42,23.19,7.61,High,5.0,187.0,6,Happy,Yes,2.11,6660,19,Male,26.0,Good
7.61,22.18,5.79,None,78.3,75.8,3,Happy,No,2.75,10857,18,Male,23.8,Good
6.29,22.26,4.55,None,11.8,47.7,1,Happy,Yes,1.41,2232,37,Male,26.6,Good
6.48,23.16,5.64,Low,10.4,101.1,7,Sad,No,2.24,3992,51,Female,32.4,Poor
5.2,0.05,5.25,None,1.6,53.9,10,Happy,No,1.1,10658,58,Female,29.5,Poor
6.48,0.87,7.35,None,16.6,156.7,4,Neutral,Yes,2.44,11361,58,Male,21.7,Average
6.12,22.3,4.42,Low,2.9,77.3,5,Neutral,No,2.67,5022,28,Female,18.4,Average
6.92,1.74,8.66,Moderate,7.1,64.5,10,Neutral,Yes,1.06,11952,44,Male,22.1,Poor
5.42,23.09,4.51,Moderate,9.5,68.8,6,Neutral,No,1.26,9928,40,Female,20.2,Poor
7.18,23.47,6.65,Low,41.4,122.3,9,Happy,Yes,1.29,6197,55,Female,25.1,Poor
8.49,22.38,6.87,Moderate,52.1,82.9,0,Happy,No,2.08,500,61,Female,19.4,Good
6.36,20.0,2.36,None,9.0,61.1,7,Sad,No,1.22,1996,20,Female,23.2,Average
7.02,0.83,7.85,None,48.9,164.9,3,Anxious,No,3.16,5025,29,Male,26.4,Good
7.4,0.61,8.01,Moderate,48.7,51.5,8,Happy,No,2.51,9280,47,Female,23.1,Good
5.98,23.08,5.06,Moderate,36.2,91.6,0,Happy,No,2.62,9289,48,Female,20.2,Good
6.79,23.6,6.39,Moderate,4.0,119.4,10,Anxious,No,1.09,5601,40,Female,27.6,Poor
6.52,0.27,6.79,None,29.3,16.6,1,Happy,No,3.11,6306,18,Male,16.9,Good
6.63,21.16,3.79,Moderate,72.5,111.6,5,Neutral,No,2.65,6903,58,Female,22.4,Average
5.5,22.71,4.21,Moderate,28.7,42.5,10,Neutral,Yes,1.72,6344,37,Male,23.4,Poor
6.53,0.69,7.22,Moderate,10.1,127.0,9,Happy,No,1.12,7491,23,Male,23.6,Average
7.15,21.62,4.77,Moderate,17.4,46.7,10,Neutral,No,2.15,6910,28,Female,24.1,Poor
8.39,23.94,8.33,High,25.9,121.2,0,Neutral,No,1.87,1977,52,Male,25.6,Good
7.75,21.47,5.22,Moderate,17.9,139.8,3,Happy,No,1.9,6377,21,Female,23.4,Good
9.3,0.2,9.5,Moderate,3.2,128.8,7,Neutral,Yes,1.71,6932,46,Female,22.2,Average
5.5,23.45,4.95,High,9.4,101.3,9,Sad,No,2.71,9969,27,Female,22.1,Poor
7.63,21.08,4.71,Moderate,40.5,79.6,4,Neutral,Yes,0.5,4506,46,Female,21.4,Good
6.74,1.25,7.99,Low,49.4,64.1,8,Happy,Yes,3.2,7612,55,Female,26.3,Average
9.35,22.4,7.75,Moderate,3.7,156.2,10,Neutral,Yes,2.9,8689,18,Female,21.2,Average
5.45,22.28,3.73,Low,76.1,58.5,10,Sad,No,2.35,6555,57,Female,26.5,Poor
5.41,23.8,5.21,None,10.0,43.3,5,Sad,Yes,2.1,1736,25,Male,23.6,Poor
5.72,1.22,6.94,Moderate,27.1,119.9,0,Neutral,Yes,2.96,10030,55,Male,21.7,Average
3.74,21.98,1.72,High,34.8,54.2,5,Happy,No,2.17,9241,34,Female,25.7,Poor
5.82,23.59,5.41,High,41.8,47.2,5,Sad,Yes,2.01,7686,36,Female,21.0,Poor
5.51,0.14,5.65,Low,72.9,25.0,5,Neutral,Yes,3.0,7121,50,Male,25.7,Poor
6.7,0.54,7.24,Low,9.4,68.3,7,Happy,Yes,3.67,1656,32,Female,24.2,Poor
6.94,23.76,6.7,None,48.9,86.3,5,Neutral,No,1.52,9324,62,Male,21.4,Good
8.94,22.95,7.89,High,3.5,100.9,4,Happy,No,2.5,11459,48,Male,25.4,Good
7.74,22.26,6.0,High,30.5,132.8,10,Neutral,Yes,1.44,3659,38,Female,25.4,Poor
5.75,23.63,5.38,Moderate,33.9,113.7,1,Happy,No,2.55,11035,20,Female,27.6,Average
5.33,21.89,3.22,Moderate,28.3,81.4,3,Neutral,No,1.66,10394,19,Male,26.9,Average
7.14,20.0,3.14,Moderate,7.3,81.1,9,Anxious,Yes,3.05,3570,52,Male,25.2,Average
4.78,0.15,4.93,Moderate,51.6,113.0,4,Sad,Yes,2.13,5818,58,Female,19.6,Poor
8.88,0.86,9.74,None,4.6,147.3,9,Anxious,No,2.23,2814,33,Female,32.1,Poor
8.03,20.0,4.03,Low,1.4,95.7,3,Anxious,No,3.34,6805,62,Male,18.6,Good
5.89,21.99,3.88,Moderate,31.6,68.9,1,Happy,Yes,1.69,8345,38,Male,26.8,Average
4.27,0.43,4.7,Moderate,16.1,45.3,6,Neutral,Yes,2.68,3039,29,Male,25.0,Poor
8.26,2.0,10.26,Low,47.3,25.0,9,Neutral,No,1.76,8157,45,Female,19.4,Good
6.35,23.53,5.88,High,12.1,120.0,9,Anxious,Yes,3.04,8917,29,Female,23.1,Poor
8.11,22.41,6.52,None,4.6,116.0,1,Happy,No,3.45,8960,50,Female,23.2,Good
4.43,23.23,3.66,Low,45.3,116.0,0,Anxious,No,2.02,8364,37,Male,28.1,Average
5.72,1.56,7.28,Moderate,19.9,84.2,4,Neutral,No,0.66,3315,57,Male,21.0,Average
6.51,22.53,5.04,Moderate,5.2,153.3,0,Sad,Yes,1.72,6636,38,Female,22.6,Poor
6.56,22.3,4.86,Moderate,31.9,68.2,0,Happy,No,3.9,8057,56,Male,15.3,Good
5.91,22.78,4.69,Low,17.9,133.0,0,Happy,Yes,1.79,11383,58,Male,29.6,Average
7.31,22.07,5.38,None,23.2,88.3,5,Sad,No,3.44,7007,59,Male,19.8,Good
5.11,23.68,4.79,Moderate,15.4,62.6,8,Happy,No,1.78,8277,53,Male,24.6,Poor
6.31,1.94,8.25,Moderate,44.1,116.7,9,Sad,No,1.76,4204,39,Male,23.1,Poor
6.66,23.98,6.64,None,44.2,108.4,10,Happy,No,2.75,3535,43,Female,23.2,Average
7.17,23.12,6.29,Moderate,30.9,106.1,0,Neutral,No,2.66,3151,24,Female,26.3,Average
7.43,23.06,6.49,Low,2.8,93.7,4,Neutral,No,2.8,5739,24,Female,29.3,Good
5.04,21.16,2.2,Moderate,45.6,88.3,8,Neutral,No,2.2,13186,25,Female,24.4,Poor
4.51,0.82,5.33,Moderate,27.8,197.5,8,Neutral,No,2.92,5794,43,Female,25.8,Poor
8.16,23.38,7.54,None,29.9,143.3,0,Happy,No,2.87,8094,41,Male,24.7,Good
6.93,23.23,6.16,None,11.3,122.5,7,Happy,No,3.0,8671,41,Male,27.1,Good
5.53,2.0,7.53,Moderate,52.9,95.0,0,Happy,No,1.76,3725,57,Male,21.9,Average
8.52,23.95,8.47,Moderate,32.3,135.3,7,Neutral,Yes,2.92,5695,29,Female,27.3,Average
6.65,22.37,5.02,Moderate,3.0,113.3,0,Neutral,No,1.84,8873,64,Male,27.4,Good
8.03,22.86,6.89,Moderate,13.1,91.2,4,Sad,No,2.09,8285,25,Male,27.3,Average
6.59,1.22,7.81,Moderate,54.4,76.3,7,Neutral,No,2.08,1018,26,Male,21.2,Average
9.18,23.67,8.85,High,1.2,86.4,5,Neutral,No,1.5,8783,20,Female,22.9,Good
8.78,21.34,6.12,Low,81.4,0.0,8,Neutral,Yes,0.99,5347,38,Male,24.3,Average
6.18,0.88,7.06,Low,28.4,99.5,0,Happy,Yes,3.06,5426,48,Male,18.7,Good
7.76,22.5,6.26,Low,24.9,68.0,8,Happy,Yes,1.71,8215,64,Female,29.1,Average
7.34,2.0,9.34,None,7.9,161.7,0,Anxious,Yes,2.01,11569,41,Female,23.5,Good
8.28,1.12,9.4,Moderate,7.2,90.9,9,Anxious,No,1.69,6399,21,Male,24.5,Average
5.25,22.83,4.08,Low,71.2,36.5,9,Happy,No,2.02,10537,37,Female,21.5,Average
7.39,1.42,8.81,High,8.9,87.8,2,Neutral,No,1.85,2677,33,Male,18.9,Good
7.88,23.6,7.48,Moderate,37.3,42.9,0,Sad,No,3.1,7392,27,Female,21.4,Good
4.21,0.78,4.99,Moderate,12.5,111.3,2,Neutral,Yes,1.79,5377,60,Male,24.3,Poor
4.96,0.23,5.19,Low,3.7,103.1,10,Happy,Yes,3.4,7846,43,Male,25.9,Poor
3.85,22.23,2.08,None,0.3,133.1,1,Happy,Yes,3.0,6111,46,Female,24.1,Poor
6.15,22.53,4.68,None,19.6,54.4,1,Neutral,No,1.87,2977,22,Female,24.7,Good
7.43,1.04,8.47,Low,93.0,91.5,8,Anxious,No,2.42,4338,28,Female,22.3,Good
8.45,23.0,7.45,None,11.5,28.6,7,Neutral,Yes,2.56,2070,46,Female,25.2,Average
6.6,22.89,5.49,Moderate,11.0,121.6,0,Happy,Yes,2.79,3079,62,Male,28.7,Average
8.62,22.07,6.69,High,10.5,113.3,3,Happy,Yes,2.86,8441,32,Female,26.0,Average
4.71,0.14,4.85,High,18.4,112.3,0,Sad,No,2.33,6247,23,Male,26.3,Poor
4.29,2.0,6.29,Moderate,14.5,90.1,0,Sad,No,1.53,7693,32,Male,24.5,Average
6.43,21.9,4.33,None,53.0,108.7,3,Neutral,No,2.65,12447,60,Male,18.2,Good
7.0,23.54,6.54,High,17.6,162.2,1,Neutral,No,2.03,6112,37,Female,19.8,Good
6.46,1.62,8.08,High,17.7,77.2,2,Happy,No,0.5,8903,51,Male,25.1,Average
3.81,23.38,3.19,None,3.7,96.2,10,Sad,Yes,2.47,7084,19,Male,23.5,Poor
6.38,0.18,6.56,Moderate,101.5,41.1,8,Sad,No,1.69,15288,61,Female,25.0,Average
4.8,21.91,2.71,Low,7.2,50.9,1,Happy,No,1.88,500,33,Male,29.4,Poor
7.37,0.14,7.51,Moderate,1.9,94.4,3,Sad,No,2.2,4847,36,Male,26.0,Average
6.98,23.22,6.2,High,27.2,139.7,0,Happy,No,1.11,8962,51,Male,27.9,Good
5.28,0.98,6.26,None,22.6,78.5,1,Happy,No,2.3,4741,31,Female,23.8,Good
5.83,1.28,7.11,High,13.4,79.4,4,Happy,No,1.98,8698,41,Male,20.7,Average
5.12,2.0,7.12,Moderate,13.7,71.7,9,Happy,Yes,1.59,6820,45,Male,23.3,Poor
6.42,0.37,6.79,High,38.4,65.9,0,Happy,No,2.23,9595,49,Male,20.7,Good
7.74,23.99,7.73,Low,5.4,103.3,10,Neutral,Yes,1.02,3604,54,Female,29.0,Poor
5.22,23.79,5.01,Moderate,42.9,22.6,6,Neutral,Yes,2.25,7519,27,Female,26.3,Poor
7.16,22.97,6.13,None,26.2,147.6,3,Neutral,No,2.53,8398,62,Female,25.3,Good
5.81,0.01,5.82,Low,13.6,60.1,5,Happy,No,2.41,7395,26,Male,27.8,Average
5.47,23.06,4.53,None,15.3,122.5,7,Happy,Yes,2.75,7448,41,Male,16.4,Poor
6.36,23.75,6.11,High,7.4,32.9,5,Neutral,No,3.02,10607,53,Male,25.6,Good
5.15,1.48,6.63,Moderate,34.9,120.1,1,Neutral,No,2.14,1960,46,Male,18.9,Average
5.78,21.99,3.77,High,18.0,120.2,0,Happy,Yes,2.97,7375,46,Male,23.5,Average
4.94,1.21,6.15,High,9.7,107.3,7,Anxious,No,2.14,3373,40,Female,22.4,Poor
9.05,1.48,10.53,None,22.7,45.3,7,Sad,No,1.71,9273,44,Male,25.8,Good
6.55,23.32,5.87,Low,120.0,101.2,8,Anxious,No,1.93,4486,48,Male,24.3,Good
5.59,20.32,1.91,None,14.3,36.8,5,Neutral,No,2.39,500,60,Female,28.2,Average
6.78,22.59,5.37,None,63.4,78.6,0,Happy,Yes,2.96,9344,24,Female,21.4,Good
6.35,1.45,7.8,None,10.6,136.3,8,Neutral,No,2.2,6195,62,Male,26.0,Poor
6.21,23.47,5.68,Low,1.4,125.9,2,Happy,No,1.73,8070,21,Female,24.1,Average
7.3,22.0,5.3,Low,5.7,90.7,10,Neutral,No,3.21,11281,31,Female,17.8,Average
7.48,22.74,6.22,None,13.6,46.1,5,Happy,Yes,1.2,8114,59,Female,20.3,Good
5.81,0.76,6.57,None,6.2,119.1,9,Sad,No,1.73,7508,59,Male,23.0,Poor
5.75,0.32,6.07,None,0.0,90.9,9,Happy,No,2.82,6858,27,Female,27.4,Average
6.14,23.14,5.28,High,61.6,0.0,10,Anxious,Yes,3.44,3558,61,Male,25.1,Poor
3.51,22.95,2.46,Moderate,46.4,125.2,8,Anxious,No,2.54,6354,51,Female,19.4,Poor
4.53,22.91,3.44,High,33.9,88.9,10,Neutral,No,2.37,12922,43,Male,23.0,Poor
8.28,22.12,6.4,Low,4.6,144.1,2,Sad,Yes,2.0,5874,40,Male,30.6,Poor
8.64,1.92,10.56,Low,3.2,40.7,4,Neutral,No,2.58,6532,26,Male,23.9,Good
6.18,23.02,5.2,Moderate,1.7,0.0,4,Sad,No,2.29,10771,54,Female,22.4,Poor
7.25,1.33,8.58,Low,32.2,102.6,9,Neutral,No,1.67,2376,25,Female,25.2,Average
6.9,1.78,8.68,Low,66.1,103.1,6,Sad,No,1.98,8860,31,Female,26.2,Good
10.0,1.0,11.0,None,14.1,13.9,3,Neutral,No,1.59,2233,24,Male,21.9,Good
7.96,22.85,6.81,None,3.2,46.0,10,Anxious,No,2.21,8198,24,Female,25.3,Average
6.33,0.11,6.44,Low,18.0,214.0,3,Neutral,No,2.31,6933,26,Female,22.3,Good
5.26,23.46,4.72,Low,10.7,76.2,6,Neutral,Yes,3.34,8837,20,Male,26.0,Poor
4.41,22.14,2.55,Moderate,11.7,122.9,8,Sad,No,1.78,3963,31,Female,24.1,Poor
6.76,23.99,6.75,None,24.3,60.7,10,Sad,Yes,2.07,5395,34,Male,25.2,Poor
5.52,21.73,3.25,None,31.7,0.0,3,Neutral,Yes,3.08,8992,61,Female,20.8,Average
4.65,1.28,5.93,Moderate,2.9,82.3,3,Happy,Yes,3.46,5471,39,Male,20.6,Poor
5.66,22.8,4.46,None,0.9,78.0,5,Neutral,No,2.53,9267,63,Male,26.8,Poor
5.09,23.8,4.89,Low,120.0,72.0,5,Anxious,Yes,2.02,7628,43,Female,23.2,Poor
8.69,23.92,8.61,High,6.6,84.8,6,Sad,Yes,1.87,5663,45,Male,24.5,Average
7.65,23.11,6.76,None,1.4,101.9,0,Sad,Yes,0.91,6054,62,Female,22.4,Good
6.49,0.38,6.87,None,5.3,83.2,10,Happy,Yes,1.55,7011,31,Female,26.6,Poor
8.42,22.79,7.21,Low,1.0,33.1,2,Neutral,No,2.27,6339,26,Female,21.4,Good
6.6,0.81,7.41,Low,12.4,111.9,8,Neutral,No,2.07,9191,43,Female,23.0,Poor
5.38,21.48,2.86,Moderate,40.5,2.3,5,Sad,Yes,2.64,5886,19,Male,26.3,Poor
8.48,23.69,8.17,Moderate,10.4,0.0,5,Happy,No,2.06,5281,28,Male,27.6,Good
7.2,2.0,9.2,None,14.7,123.3,4,Anxious,No,1.69,9731,34,Male,21.7,Good
5.15,22.0,3.15,Moderate,28.1,112.8,10,Neutral,No,2.44,5734,51,Female,30.4,Poor
6.25,22.48,4.73,Low,17.8,87.4,2,Happy,No,3.95,5379,36,Female,24.6,Good
5.36,0.27,5.63,None,49.4,27.2,10,Happy,No,1.98,500,56,Male,19.8,Average
4.7,23.77,4.47,Moderate,50.3,58.1,4,Happy,Yes,2.3,3881,35,Male,24.8,Average
7.7,0.03,7.73,Low,0.2,78.2,0,Neutral,No,2.79,4484,30,Female,22.2,Good
8.98,0.23,9.21,Low,37.6,18.2,2,Happy,No,1.8,5380,22,Female,25.0,Good
4.68,0.45,5.13,None,15.4,56.7,3,Happy,No,3.09,4834,40,Female,23.4,Average
7.23,1.16,8.39,Low,112.4,119.4,4,Sad,No,1.09,9949,41,Male,23.8,Good
5.65,0.11,5.76,Low,16.5,154.2,9,Happy,Yes,1.91,4675,46,Female,20.3,Poor
5.87,23.14,5.01,Moderate,108.4,71.1,8,Happy,No,1.98,4898,64,Male,27.0,Average
5.73,0.51,6.24,None,35.1,124.0,3,Neutral,No,2.31,7467,25,Female,19.5,Average
5.38,2.0,7.38,Low,7.1,3.9,2,Neutral,No,0.82,3695,43,Male,19.6,Average
6.56,23.3,5.86,Low,19.3,119.7,9,Sad,Yes,3.15,11692,32,Female,24.8,Poor
5.42,22.04,3.46,Moderate,120.0,53.8,0,Neutral,No,2.49,9406,18,Male,29.1,Good
6.85,1.16,8.01,Moderate,48.7,103.8,9,Sad,No,2.99,3496,45,Male,22.3,Average
6.43,23.32,5.75,Moderate,2.6,78.9,5,Neutral,No,3.33,10041,64,Male,26.0,Average
6.19,20.24,2.43,Moderate,30.6,149.4,6,Happy,No,1.68,10665,63,Female,27.3,Average
5.32,0.77,6.09,High,10.6,50.7,9,Happy,No,0.5,3574,31,Male,26.4,Poor
5.75,22.7,4.45,Low,0.2,118.2,7,Neutral,Yes,3.0,3505,59,Male,22.4,Poor
7.48,23.36,6.84,Low,12.9,77.4,0,Neutral,Yes,2.0,5169,51,Female,19.7,Good
7.15,24.0,7.15,Moderate,6.7,82.9,3,Sad,Yes,1.41,2754,48,Male,15.8,Poor
5.23,23.79,5.02,High,42.7,81.7,10,Neutral,No,2.6,4659,23,Male,22.6,Poor
6.63,0.56,7.19,High,10.3,51.9,4,Neutral,Yes,3.92,5800,22,Female,27.6,Average
7.48,22.85,6.33,Low,43.9,89.4,1,Happy,No,2.12,8512,48,Male,19.6,Good
4.33,0.27,4.6,None,0.0,87.2,0,Happy,No,2.87,7244,54,Female,26.0,Average
7.21,23.11,6.32,Low,9.2,100.9,7,Neutral,Yes,1.51,6556,32,Male,20.2,Average
5.64,0.61,6.25,Moderate,6.9,93.8,5,Neutral,Yes,1.02,5550,32,Female,23.9,Poor
7.24,0.42,7.66,Low,6.7,125.9,4,Neutral,Yes,2.84,3076,60,Male,26.0,Average
5.51,22.1,3.61,Low,1.8,131.6,8,Happy,No,2.58,8775,22,Male,21.2,Poor
4.15,1.13,5.28,Moderate,5.2,42.7,10,Neutral,Yes,1.87,8708,45,Male,24.1,Poor
4.38,22.7,3.08,Low,20.3,129.1,10,Anxious,Yes,3.39,5149,50,Female,22.0,Poor
6.56,0.71,7.27,High,8.6,36.6,1,Happy,No,0.96,3697,28,Male,26.0,Average
6.84,0.05,6.89,Low,13.5,116.5,9,Neutral,No,1.34,11668,60,Male,24.3,Poor
5.32,2.0,7.32,Low,11.8,117.9,7,Anxious,Yes,1.82,7740,23,Female,23.7,Poor
7.33,23.16,6.49,Low,52.2,4.0,10,Happy,No,1.95,8191,40,Female,29.0,Average
4.34,22.98,3.32,Moderate,58.9,94.2,9,Neutral,No,3.23,8320,57,Female,25.8,Poor
6.41,23.47,5.88,None,17.0,68.9,8,Happy,No,2.23,3393,19,Male,21.1,Average
4.93,23.05,3.98,None,10.0,55.9,0,Neutral,No,2.06,11498,32,Male,23.2,Average
5.65,0.7,6.35,High,2.8,150.8,6,Happy,Yes,1.31,5790,40,Male,23.2,Poor
6.56,21.08,3.64,None,76.7,60.6,7,Anxious,No,2.96,9466,39,Female,23.8,Average
5.38,21.92,3.3,Moderate,1.6,53.7,2,Sad,No,1.4,11375,26,Female,32.3,Poor
6.0,21.9,3.9,Moderate,8.8,93.4,3,Sad,Yes,1.31,7244,64,Male,24.8,Poor
7.81,0.93,8.74,Low,8.8,120.9,2,Sad,No,1.92,3456,57,Male,16.4,Good
5.75,2.0,7.75,Moderate,9.7,83.6,6,Neutral,No,2.31,500,47,Female,21.6,Poor
7.59,23.34,6.93,None,4.5,142.5,8,Neutral,Yes,1.7,6885,33,Female,16.7,Average
5.03,23.25,4.28,Moderate,38.2,113.9,2,Anxious,Yes,2.69,7750,63,Female,22.3,Poor
7.19,23.61,6.8,Low,3.3,0.0,5,Anxious,No,2.0,5258,64,Male,16.5,Average
8.37,1.24,9.61,Moderate,25.2,66.2,7,Neutral,Yes,2.94,7407,47,Female,20.4,Average
3.29,22.11,1.4,None,3.3,64.7,5,Anxious,No,2.55,8291,62,Female,18.2,Poor
5.46,23.86,5.32,Moderate,1.8,111.6,1,Neutral,Yes,3.45,9982,26,Female,24.8,Average
7.25,0.96,8.21,None,60.0,0.0,6,Neutral,Yes,1.89,6314,18,Female,23.5,Good
6.24,0.25,6.49,Low,5.3,204.7,1,Neutral,No,2.79,6864,55,Male,24.6,Good
6.98,23.78,6.76,None,43.0,113.9,1,Happy,No,0.95,6464,25,Female,23.1,Good
5.71,1.0,6.71,None,19.7,96.7,1,Happy,No,4.22,7101,35,Male,18.6,Good
6.61,20.0,2.61,Moderate,2.0,143.2,10,Happy,No,2.76,5460,44,Male,25.3,Poor
6.3,0.52,6.82,Low,77.8,195.5,0,Neutral,Yes,1.99,5446,35,Female,30.2,Average
8.02,22.52,6.54,High,7.1,129.2,10,Neutral,No,2.02,5635,49,Female,24.9,Poor
6.83,20.75,3.58,High,49.1,132.7,0,Neutral,No,2.03,7469,49,Male,22.0,Good
6.94,0.27,7.21,Moderate,4.6,95.9,6,Anxious,Yes,3.49,4458,62,Female,18.5,Poor
5.96,1.56,7.52,None,48.1,83.6,4,Neutral,No,2.83,5647,53,Male,20.3,Average
5.87,23.29,5.16,Low,0.3,68.6,10,Neutral,Yes,1.89,12426,53,Female,25.1,Poor
5.94,0.93,6.87,Moderate,17.9,52.8,2,Happy,No,1.33,9689,38,Male,27.3,Good
7.01,1.92,8.93,Low,36.7,59.1,0,Happy,No,3.04,4129,63,Male,24.4,Good
5.95,1.47,7.42,None,68.3,29.2,10,Sad,No,2.79,9594,49,Male,26.3,Poor
6.88,1.96,8.84,Moderate,60.0,86.6,9,Neutral,No,2.69,8882,48,Female,26.0,Average
9.2,0.61,9.81,Moderate,42.8,14.2,5,Sad,No,2.14,6688,54,Male,25.3,Good
7.63,23.61,7.24,Moderate,54.8,98.6,10,Happy,Yes,1.99,4876,33,Male,21.2,Average
6.08,21.1,3.18,None,5.6,88.4,0,Neutral,No,3.38,4535,63,Female,24.1,Good
8.06,23.13,7.19,Moderate,8.4,96.6,8,Happy,Yes,3.44,7672,63,Female,20.5,Average
5.97,22.24,4.21,None,8.5,66.5,1,Happy,No,2.65,4461,31,Male,23.6,Good
3.85,2.0,5.85,None,11.8,228.5,0,Happy,No,2.88,10292,41,Male,24.7,Poor
5.19,23.24,4.43,High,12.5,151.2,6,Happy,No,2.37,11142,42,Female,29.4,Poor
4.07,23.68,3.75,None,19.7,34.0,5,Happy,Yes,1.24,6872,63,Male,18.9,Poor
6.04,0.33,6.37,Low,4.4,100.5,5,Happy,No,1.51,10416,52,Female,25.2,Average
6.52,23.57,6.09,None,29.4,62.6,4,Anxious,No,3.0,5765,34,Female,28.7,Average
8.68,2.0,10.68,High,4.6,44.3,10,Happy,Yes,3.09,4857,63,Female,26.2,Poor
6.93,22.57,5.5,Moderate,9.3,29.7,3,Happy,No,2.94,10301,59,Male,26.4,Average
6.22,23.79,6.01,Moderate,17.5,109.4,10,Happy,Yes,2.44,11740,62,Female,25.6,Poor
7.58,22.39,5.97,Moderate,39.8,59.3,3,Neutral,No,2.96,12889,21,Male,28.0,Good
3.63,21.52,1.15,None,33.6,133.6,2,Happy,Yes,2.16,7998,28,Male,19.7,Poor
6.81,22.58,5.39,Low,25.9,134.7,9,Anxious,No,2.63,9586,64,Female,18.6,Poor
7.5,23.44,6.94,Low,4.2,151.8,7,Anxious,Yes,2.06,7932,32,Female,23.5,Average
4.58,22.86,3.44,None,19.8,51.6,6,Happy,Yes,1.46,11210,47,Female,15.9,Poor
7.99,22.46,6.45,Low,2.3,111.4,8,Neutral,No,2.81,8300,41,Female,27.8,Good
6.94,21.39,4.33,High,11.8,118.5,0,Happy,Yes,3.09,9415,19,Male,27.8,Average
5.96,23.38,5.34,None,13.3,68.7,6,Neutral,No,3.93,3594,60,Male,22.0,Good
7.32,21.24,4.56,Low,1.0,55.3,9,Neutral,Yes,2.38,6307,51,Female,22.2,Poor
9.45,0.64,10.09,None,8.0,162.4,3,Happy,No,1.47,9441,40,Male,23.2,Good
6.74,23.62,6.36,None,77.9,100.2,6,Happy,No,1.97,9172,48,Female,23.7,Good
6.82,21.31,4.13,High,76.8,118.6,0,Neutral,Yes,2.1,9697,54,Male,23.9,Good
5.9,23.04,4.94,Low,10.9,53.0,4,Neutral,Yes,2.3,7362,30,Male,25.5,Poor
5.4,22.37,3.77,Low,1.1,35.1,2,Happy,No,2.53,5044,50,Male,22.9,Good
7.58,23.98,7.56,Moderate,4.9,64.4,4,Neutral,No,2.45,6823,24,Female,26.8,Average
5.39,1.51,6.9,None,12.4,84.4,3,Neutral,No,2.74,7141,49,Male,25.1,Average
6.59,20.69,3.28,Low,73.8,42.1,1,Anxious,No,2.34,7725,24,Male,21.4,Good
5.88,23.67,5.55,Low,3.8,89.6,10,Happy,No,0.64,4096,59,Male,28.2,Poor
7.12,23.26,6.38,Moderate,36.0,14.0,3,Sad,Yes,2.36,6202,55,Male,18.7,Average
6.93,0.51,7.44,High,2.9,39.6,2,Neutral,Yes,2.26,6734,61,Female,23.2,Average
7.85,23.82,7.67,Moderate,99.4,120.2,0,Happy,Yes,2.59,500,30,Male,26.9,Good
5.84,22.37,4.21,Low,12.0,117.2,9,Neutral,Yes,1.95,9498,41,Female,21.0,Poor
6.15,23.02,5.17,Moderate,37.3,72.4,7,Neutral,Yes,2.36,7492,45,Female,24.6,Poor
5.23,22.31,3.54,None,10.5,44.2,4,Anxious,No,2.59,7796,49,Male,25.4,Average
5.92,1.11,7.03,None,24.7,43.8,3,Happy,No,2.09,5454,60,Male,20.5,Good
6.99,23.53,6.52,None,5.3,73.2,9,Neutral,No,2.67,8759,35,Female,23.2,Average
7.48,2.0,9.48,Low,3.9,119.0,4,Neutral,Yes,2.25,4504,51,Female,23.0,Average
5.3,23.41,4.71,Low,69.5,131.8,3,Anxious,No,2.31,4976,51,Female,21.6,Average
7.63,22.44,6.07,Moderate,62.4,67.7,2,Happy,No,0.5,8885,55,Male,31.6,Average
8.26,21.23,5.49,High,54.6,38.1,4,Anxious,No,1.4,8071,18,Male,20.8,Good
7.04,20.8,3.84,Low,24.5,102.1,3,Anxious,Yes,1.4,3167,60,Female,27.0,Average
8.94,21.12,6.06,Low,41.3,52.9,0,Happy,Yes,2.35,11732,59,Female,22.1,Good
5.49,23.9,5.39,None,1.8,66.7,2,Sad,Yes,3.09,4725,48,Female,19.7,Average
4.88,0.26,5.14,None,10.2,149.6,9,Anxious,Yes,2.12,6602,18,Male,23.9,Poor
4.19,21.13,1.32,Moderate,9.4,127.2,9,Happy,No,2.79,12240,33,Male,25.8,Poor
8.44,0.84,9.28,Low,25.2,97.1,7,Neutral,Yes,2.65,821,56,Female,26.7,Average
7.35,22.78,6.13,Moderate,11.0,32.8,6,Neutral,Yes,2.3,1881,32,Male,29.0,Good
6.43,23.72,6.15,None,4.0,99.5,1,Happy,No,2.6,8326,50,Female,33.8,Good
6.86,1.92,8.78,None,22.7,137.8,0,Happy,No,2.37,500,40,Male,24.4,Good
5.04,0.85,5.89,Low,42.1,73.1,2,Happy,No,2.1,870,58,Female,21.2,Average
9.68,23.1,8.78,None,12.0,150.8,4,Happy,No,2.47,10525,51,Male,25.1,Good
6.67,22.16,4.83,None,3.5,148.2,9,Neutral,No,3.21,5773,34,Male,22.6,Average
6.64,20.27,2.91,Moderate,5.5,164.9,10,Happy,Yes,2.53,13588,42,Male,26.7,Poor
7.44,22.42,5.86,None,6.8,103.7,0,Anxious,No,2.35,3896,59,Male,19.0,Good
7.13,23.18,6.31,Moderate,8.9,116.4,2,Sad,No,1.59,6045,23,Male,31.8,Average
6.79,22.02,4.81,Low,25.7,153.6,2,Happy,No,3.19,8622,48,Male,26.5,Good
5.47,23.3,4.77,None,23.0,110.1,4,Neutral,Yes,1.22,8415,22,Male,17.6,Poor
7.11,23.62,6.73,Low,29.8,67.4,2,Neutral,No,1.01,6235,57,Female,21.0,Good
8.95,23.16,8.11,Moderate,11.3,69.8,8,Anxious,Yes,2.46,5055,57,Female,26.4,Poor
8.25,22.52,6.77,Low,43.4,100.7,0,Happy,No,1.58,7694,47,Female,27.6,Good
8.57,23.75,8.32,Moderate,5.7,31.9,3,Happy,Yes,2.96,11131,22,Male,19.0,Good
5.84,0.16,6.0,None,15.8,83.6,9,Anxious,Yes,1.02,9288,29,Male,26.0,Poor
5.21,21.86,3.07,Moderate,40.4,139.3,9,Anxious,No,2.87,5103,24,Male,16.7,Poor
6.34,1.62,7.96,None,5.0,0.0,3,Sad,No,2.77,4025,62,Female,23.2,Good
6.57,23.35,5.92,Moderate,2.9,159.1,0,Sad,No,2.28,4922,30,Female,27.4,Good
7.92,23.53,7.45,Moderate,53.8,140.5,1,Happy,Yes,0.73,3179,21,Female,21.6,Good
4.3,0.56,4.86,High,10.5,69.3,10,Neutral,Yes,0.99,7442,59,Female,18.2,Poor
8.49,23.85,8.34,Low,28.8,114.5,0,Happy,No,2.37,9441,20,Female,24.0,Good
6.29,0.93,7.22,None,0.6,90.1,5,Happy,No,2.04,6786,29,Female,21.4,Good
5.95,23.93,5.88,None,29.3,145.3,2,Sad,No,2.71,12159,18,Male,25.7,Average
5.18,22.58,3.76,Moderate,9.5,134.2,6,Happy,No,2.15,12326,44,Female,20.4,Average
4.35,0.04,4.39,Low,1.4,27.0,4,Neutral,No,2.09,7923,60,Male,20.8,Poor
7.57,21.78,5.35,Moderate,23.5,116.4,8,Anxious,No,0.5,9106,30,Female,16.4,Average
6.6,23.66,6.26,None,6.9,80.7,6,Happy,No,2.78,4299,34,Female,24.1,Average
4.82,23.45,4.27,Low,12.2,93.7,3,Anxious,No,1.75,5918,25,Male,22.9,Poor
4.82,23.19,4.01,None,2.1,57.2,4,Anxious,Yes,1.92,10817,49,Male,19.3,Poor
6.06,23.31,5.37,High,4.0,168.7,4,Neutral,No,1.45,5262,37,Male,24.2,Poor
8.67,20.68,5.35,Moderate,8.8,136.8,10,Happy,No,1.12,11462,34,Female,27.1,Average
6.16,22.68,4.84,High,2.4,56.7,4,Happy,No,3.23,10338,51,Female,22.7,Average
4.55,23.64,4.19,Low,60.4,29.9,9,Neutral,No,2.76,9255,52,Male,24.4,Poor
6.18,23.74,5.92,Moderate,0.2,72.6,8,Happy,Yes,2.77,3482,52,Female,24.5,Poor
6.15,21.96,4.11,Moderate,16.5,109.6,9,Happy,No,2.05,6064,55,Male,19.3,Poor
3.0,1.4,4.4,Low,3.3,100.8,2,Anxious,No,0.98,8933,59,Female,30.7,Poor
6.43,22.2,4.63,Moderate,9.2,146.4,5,Happy,Yes,3.67,4043,41,Female,21.9,Poor
6.2,0.95,7.15,High,65.1,125.5,7,Sad,Yes,2.5,6430,35,Female,25.8,Poor
7.41,0.14,7.55,High,4.4,133.6,10,Happy,Yes,2.3,9256,63,Male,26.2,Poor
8.9,22.53,7.43,Moderate,84.4,104.7,8,Neutral,No,1.95,5295,56,Female,23.0,Good
7.96,2.0,9.96,Low,5.8,27.5,6,Anxious,No,0.77,4461,50,Male,25.6,Good
6.15,21.71,3.86,Low,33.8,81.2,2,Happy,No,3.0,1598,40,Male,24.4,Good
5.06,0.88,5.94,High,19.8,137.7,0,Happy,Yes,1.46,5840,42,Male,18.5,Poor
9.85,1.0,10.85,None,54.0,87.7,3,Neutral,No,2.58,9320,54,Male,22.3,Good
6.58,22.49,5.07,Moderate,20.2,112.6,5,Sad,Yes,2.74,4381,44,Male,21.4,Poor
6.52,1.59,8.11,Moderate,19.1,75.7,2,Neutral,Yes,2.43,7054,18,Male,21.9,Average
6.47,23.12,5.59,Moderate,5.4,43.7,0,Happy,No,2.53,6327,38,Male,18.9,Good
6.76,23.93,6.69,High,4.5,84.4,5,Happy,No,3.14,5000,27,Male,27.4,Average
6.31,23.89,6.2,Low,62.1,103.9,0,Anxious,Yes,1.65,9513,48,Male,29.1,Average
5.75,23.3,5.05,Low,9.9,60.5,8,Anxious,Yes,2.32,11927,61,Female,26.9,Poor
5.79,0.72,6.51,None,11.6,79.4,10,Neutral,Yes,2.04,10013,42,Male,27.9,Poor
6.46,0.69,7.15,Low,35.7,47.7,0,Sad,No,0.91,4912,37,Female,22.3,Average
5.79,20.88,2.67,Low,10.3,140.4,5,Neutral,No,2.4,12977,19,Male,21.3,Good
5.57,1.46,7.03,Low,75.9,76.7,0,Neutral,No,3.08,10004,32,Female,20.8,Good
6.64,21.01,3.65,Moderate,33.5,155.4,6,Happy,No,3.16,5628,45,Female,25.8,Average
6.17,1.05,7.22,High,22.7,158.8,2,Neutral,No,3.5,4674,30,Female,24.3,Average
8.46,1.19,9.65,None,53.2,86.4,5,Neutral,Yes,0.96,10363,31,Female,23.2,Good
3.05,21.86,0.91,Low,1.3,44.6,6,Happy,No,3.34,7521,19,Female,28.0,Poor
7.92,22.88,6.8,High,7.4,0.0,0,Neutral,No,2.33,4448,51,Female,24.9,Good
8.12,21.84,5.96,None,15.6,23.8,0,Sad,Yes,3.32,6556,52,Male,20.6,Good
3.8,23.18,2.98,None,6.4,28.2,4,Neutral,Yes,1.92,5778,54,Male,21.1,Poor
6.05,23.04,5.09,None,34.1,152.0,5,Neutral,Yes,1.83,4528,42,Male,25.9,Average
6.02,0.67,6.69,Moderate,62.9,95.2,8,Anxious,Yes,1.35,10044,32,Male,27.1,Poor
4.67,1.47,6.14,None,13.8,107.5,0,Happy,No,2.74,9345,29,Male,25.4,Average
5.49,1.59,7.08,High,10.5,0.0,3,Neutral,No,2.56,9516,26,Male,30.1,Average
5.06,22.66,3.72,Low,81.5,36.1,9,Sad,No,1.42,9474,48,Female,29.2,Poor
8.78,23.19,7.97,Low,14.7,129.9,7,Neutral,No,0.69,4252,31,Male,25.0,Good
7.72,20.97,4.69,None,16.8,102.9,9,Happy,No,2.49,5189,46,Female,20.6,Average
8.15,22.29,6.44,Low,10.8,83.4,8,Happy,No,2.57,11376,60,Female,18.9,Good
7.44,0.95,8.39,Moderate,60.1,115.4,2,Anxious,Yes,1.51,7324,55,Female,22.1,Good
5.03,1.92,6.95,Moderate,21.0,163.6,10,Neutral,Yes,1.37,2589,59,Female,26.1,Poor
5.82,21.65,3.47,Moderate,35.9,80.1,1,Anxious,No,2.66,7651,25,Female,29.9,Average
7.14,22.61,5.75,Moderate,41.8,93.1,3,Neutral,Yes,3.5,8964,20,Female,25.0,Average
4.91,23.46,4.37,High,10.5,98.7,1,Neutral,Yes,1.85,8572,19,Male,27.6,Average
7.43,23.92,7.35,Moderate,14.2,197.6,0,Sad,No,1.58,4186,33,Female,22.6,Good
6.19,22.29,4.48,Moderate,47.2,0.0,2,Neutral,No,2.41,12660,36,Female,25.7,Good
6.01,0.14,6.15,None,11.3,120.7,6,Neutral,Yes,2.64,2498,47,Male,26.4,Poor
7.42,22.79,6.21,None,39.5,84.8,0,Neutral,No,1.94,7333,58,Male,16.6,Good
7.08,23.48,6.56,None,70.8,115.5,1,Sad,No,3.62,12210,33,Male,22.1,Good
6.03,0.32,6.35,Moderate,24.4,60.4,0,Neutral,Yes,2.83,8775,48,Male,26.8,Average
8.01,23.51,7.52,Low,33.8,87.8,7,Neutral,Yes,1.93,9509,45,Male,24.5,Average
5.09,22.85,3.94,Low,40.9,122.0,4,Happy,No,1.09,3841,21,Male,19.3,Poor
7.3,23.34,6.64,High,46.6,230.1,7,Anxious,Yes,3.12,8041,27,Male,15.0,Poor
7.27,23.37,6.64,High,12.6,126.4,2,Happy,Yes,3.03,6890,62,Female,22.2,Good
6.1,22.94,5.04,High,1.3,51.8,6,Neutral,No,1.99,3610,35,Male,23.2,Average
6.92,23.11,6.03,Low,12.8,70.9,7,Neutral,No,2.45,9595,64,Female,20.4,Good
4.87,1.9,6.77,Moderate,28.0,69.6,5,Neutral,Yes,2.09,4542,49,Male,24.0,Poor
7.7,0.34,8.04,Low,15.0,9.2,6,Neutral,Yes,2.56,4897,47,Male,25.3,Good
6.26,23.06,5.32,None,34.6,75.1,1,Happy,Yes,1.48,8298,53,Female,25.8,Good
5.82,0.55,6.37,None,11.0,123.0,7,Neutral,No,1.38,6570,26,Male,15.3,Average
7.86,23.0,6.86,Low,25.2,32.7,4,Sad,Yes,2.77,7508,53,Male,18.9,Good
5.58,1.26,6.84,Low,5.2,137.2,6,Sad,No,2.86,6387,46,Male,22.4,Poor
4.67,0.05,4.72,Moderate,34.6,111.9,0,Happy,No,1.86,11239,33,Male,25.5,Average
4.48,23.34,3.82,None,19.7,57.0,4,Anxious,Yes,1.68,4225,45,Male,25.2,Poor
7.29,0.17,7.46,Moderate,5.7,83.6,0,Neutral,No,3.0,5606,38,Male,25.2,Good
4.84,21.14,1.98,Low,8.6,161.9,7,Anxious,No,1.7,8444,64,Male,22.2,Poor
8.78,21.81,6.59,Low,34.5,123.0,3,Neutral,No,2.24,4036,19,Female,22.4,Good
3.79,21.71,1.5,Low,16.5,90.4,3,Neutral,Yes,2.15,3903,63,Male,21.0,Poor
8.71,23.71,8.42,Low,6.1,79.3,1,Anxious,No,1.17,7413,52,Female,26.2,Good
6.77,2.0,8.77,Moderate,85.5,93.4,4,Anxious,No,2.33,9602,45,Female,20.3,Good
6.37,2.0,8.37,Low,31.4,67.0,0,Neutral,No,2.27,9994,53,Female,26.5,Good
5.79,0.46,6.25,None,78.7,0.0,8,Happy,Yes,2.45,7275,48,Female,24.2,Poor
7.02,0.25,7.27,None,13.9,181.9,4,Neutral,No,2.31,4984,50,Female,23.3,Good
6.45,20.8,3.25,Low,16.1,97.0,5,Neutral,Yes,3.69,7827,40,Female,21.2,Good
7.93,22.69,6.62,High,57.1,107.9,1,Happy,Yes,3.01,8698,58,Female,18.8,Good
6.65,22.32,4.97,Low,18.6,87.4,9,Happy,No,2.23,7786,34,Male,21.2,Average
6.7,22.57,5.27,Moderate,30.7,56.9,9,Anxious,No,2.29,10703,63,Male,22.3,Average
6.03,23.25,5.28,Moderate,7.3,81.6,0,Happy,No,3.43,3958,18,Male,15.2,Average
6.43,22.79,5.22,High,14.8,18.0,3,Neutral,No,2.8,4909,59,Female,22.8,Good
6.9,20.53,3.43,Moderate,3.3,192.5,6,Happy,No,1.34,10286,40,Male,26.7,Poor
4.28,0.62,4.9,Moderate,5.8,34.4,5,Happy,No,2.86,2581,44,Female,25.5,Poor
4.75,21.89,2.64,Moderate,0.0,43.6,9,Happy,No,3.07,5382,42,Female,21.8,Poor
7.47,23.86,7.33,High,1.0,70.2,0,Happy,No,3.33,4805,49,Male,23.7,Good
6.72,2.0,8.72,Low,94.6,148.0,0,Sad,No,1.92,2307,36,Female,21.6,Good
6.26,22.12,4.38,Low,6.9,90.7,7,Anxious,No,1.87,6439,41,Female,24.0,Average
6.52,20.0,2.52,None,27.2,34.4,3,Happy,No,1.54,9239,20,Male,28.9,Good
6.95,23.07,6.02,Moderate,45.7,146.4,4,Neutral,No,2.42,7469,29,Female,26.9,Average
5.8,1.15,6.95,Moderate,20.0,122.9,6,Neutral,No,2.71,9399,52,Male,25.3,Poor
5.49,2.0,7.49,None,4.2,114.2,7,Anxious,Yes,1.84,10576,32,Female,21.8,Poor
6.75,21.66,4.41,Moderate,32.6,122.2,9,Sad,Yes,2.1,5843,34,Female,26.1,Poor
5.23,0.25,5.48,Low,22.9,197.7,6,Neutral,No,0.76,14941,49,Male,17.6,Poor
7.03,22.8,5.83,None,32.8,188.3,1,Neutral,Yes,3.26,5964,24,Male,22.6,Good
4.29,23.34,3.63,High,36.7,59.1,3,Sad,Yes,1.1,6362,36,Male,25.5,Poor
7.84,2.0,9.84,None,92.6,163.1,9,Happy,No,2.46,4877,24,Female,26.1,Good
7.11,21.25,4.36,None,21.3,107.2,0,Neutral,Yes,2.37,8636,22,Female,25.8,Average
6.83,23.88,6.71,Moderate,10.5,112.5,9,Anxious,Yes,2.23,6128,57,Male,24.5,Poor
7.78,0.2,7.98,Moderate,26.1,13.8,8,Sad,No,2.25,6763,38,Male,22.8,Average
8.67,1.13,9.8,None,1.8,82.3,2,Neutral,No,1.49,6384,64,Male,25.4,Good
7.82,23.65,7.47,Moderate,56.9,53.4,2,Neutral,No,1.97,6316,24,Female,20.2,Good
4.11,23.96,4.07,Low,3.2,127.3,9,Happy,No,2.88,7475,54,Female,20.5,Poor
4.84,22.91,3.75,None,9.9,138.2,8,Neutral,No,3.09,5649,40,Male,23.7,Poor
5.69,23.9,5.59,None,42.3,0.0,9,Neutral,No,1.91,5790,28,Male,24.1,Average
6.53,22.99,5.52,Moderate,22.7,89.0,2,Neutral,No,1.11,10219,27,Male,17.1,Good
7.17,0.43,7.6,Low,12.5,140.5,7,Sad,Yes,1.65,6119,38,Female,25.1,Poor
5.56,22.95,4.51,High,16.0,81.6,1,Anxious,Yes,3.5,8151,58,Male,26.2,Poor
6.74,0.07,6.81,Moderate,48.2,122.8,2,Happy,No,1.7,4332,50,Male,23.2,Good
5.52,23.46,4.98,High,10.4,105.8,1,Neutral,No,2.13,5666,37,Male,31.8,Poor
5.71,1.19,6.9,Low,50.9,105.4,0,Neutral,No,3.19,3302,50,Female,21.1,Average
4.67,23.42,4.09,High,2.3,77.8,1,Neutral,No,1.83,12563,57,Female,22.2,Average
5.3,20.84,2.14,Low,37.5,35.3,7,Happy,No,2.08,11126,52,Male,22.1,Average
4.74,1.39,6.13,Low,47.0,39.5,8,Neutral,No,2.76,8786,51,Female,23.2,Poor
5.23,22.14,3.37,None,5.0,121.9,1,Anxious,No,3.4,13453,53,Male,22.3,Average
7.87,22.52,6.39,None,14.1,90.9,6,Neutral,Yes,1.75,9311,44,Male,18.6,Good
5.27,22.61,3.88,Moderate,4.5,83.8,4,Anxious,No,3.17,6484,36,Male,21.6,Poor
9.92,1.56,11.48,Low,30.7,70.9,2,Anxious,Yes,2.0,8118,60,Male,23.2,Good
7.14,20.3,3.44,None,19.2,76.3,8,Happy,No,1.58,11082,22,Female,27.8,Average
6.74,2.0,8.74,Moderate,25.2,137.1,5,Happy,No,2.37,4359,46,Male,31.2,Good
5.38,1.08,6.46,Low,5.5,74.9,10,Anxious,No,1.39,3482,27,Male,28.2,Poor
7.41,23.83,7.24,Moderate,5.9,29.7,0,Anxious,No,2.53,8218,57,Female,20.8,Good
5.75,23.42,5.17,Low,1.1,123.5,4,Happy,No,4.4,5239,30,Male,21.1,Average
6.66,23.93,6.59,Moderate,9.7,80.8,6,Happy,No,2.97,500,46,Female,22.9,Average
9.83,0.28,10.11,Moderate,20.5,91.4,3,Happy,No,2.13,3271,22,Male,29.7,Good
6.38,0.47,6.85,Low,48.8,162.3,7,Anxious,No,2.94,6066,29,Male,22.9,Average
7.99,0.33,8.32,Low,27.5,89.1,9,Happy,No,1.55,7145,30,Male,18.9,Good
5.59,23.63,5.22,Low,14.3,103.0,4,Neutral,No,1.67,7234,39,Male,21.7,Average
6.45,23.2,5.65,Moderate,76.5,36.9,8,Sad,Yes,2.15,13016,57,Female,26.1,Poor
8.8,23.27,8.07,Low,31.8,80.1,8,Happy,No,2.26,6377,32,Male,25.9,Good
5.68,23.21,4.89,None,66.5,117.4,8,Neutral,No,1.29,7834,30,Female,22.8,Good
8.86,1.2,10.06,None,18.7,20.0,0,Happy,No,1.99,2122,18,Female,25.9,Good
7.42,0.39,7.81,Low,7.5,99.0,1,Anxious,No,2.1,6907,55,Female,15.5,Good
5.77,20.0,1.77,Low,1.4,94.5,2,Happy,No,3.28,8003,60,Male,23.9,Good
7.32,0.48,7.8,Moderate,32.4,91.9,3,Neutral,No,1.29,2874,62,Female,26.5,Good
7.76,23.79,7.55,None,3.2,136.7,9,Neutral,No,1.23,4198,18,Female,20.6,Good
7.31,23.47,6.78,Low,9.0,105.0,8,Happy,No,2.32,8468,28,Female,20.6,Average
4.46,22.92,3.38,Moderate,19.0,156.5,9,Happy,Yes,3.01,5361,60,Male,17.0,Poor
5.55,1.19,6.74,Moderate,20.8,45.3,5,Neutral,No,2.59,6692,57,Male,29.1,Poor
6.18,0.92,7.1,Low,22.9,96.1,0,Happy,Yes,2.41,8622,39,Female,21.0,Average
6.4,22.34,4.74,Low,4.5,93.8,8,Sad,Yes,2.0,13111,52,Female,24.3,Poor
7.31,0.11,7.42,Low,11.9,41.9,5,Sad,No,2.67,6335,61,Male,25.6,Average
6.73,22.04,4.77,High,24.0,133.0,3,Neutral,Yes,2.78,12308,23,Female,28.8,Good
4.76,21.43,2.19,None,87.5,194.6,3,Neutral,No,2.02,1124,45,Female,23.0,Average
6.99,22.56,5.55,High,32.5,89.2,2,Neutral,No,1.54,7445,48,Female,21.6,Good
7.29,0.79,8.08,Moderate,64.0,112.7,6,Sad,No,1.54,5998,25,Male,24.1,Average
7.23,0.93,8.16,Low,35.9,93.8,2,Neutral,No,2.82,5403,22,Female,28.0,Average
7.91,0.27,8.18,None,22.4,57.9,1,Happy,Yes,1.12,8974,59,Female,22.9,Good
7.58,0.59,8.17,Low,5.3,8.1,9,Happy,No,3.37,6356,61,Male,20.2,Good
7.1,0.27,7.37,Low,27.5,58.2,7,Neutral,Yes,1.88,925,34,Female,18.1,Average
6.41,22.54,4.95,None,24.4,27.4,3,Neutral,No,2.42,2235,55,Male,19.2,Good
4.34,0.15,4.49,Moderate,23.1,166.7,7,Neutral,No,2.69,9166,26,Male,26.5,Poor
7.06,0.7,7.76,High,16.8,84.8,0,Happy,No,1.72,2088,27,Male,22.4,Good
6.77,0.63,7.4,Moderate,18.8,74.4,4,Sad,No,1.88,9246,37,Female,21.4,Good
6.85,1.28,8.13,Moderate,10.2,130.0,8,Happy,No,2.29,7374,31,Female,21.0,Average
4.84,0.56,5.4,None,18.3,39.5,0,Happy,No,1.6,6489,31,Female,23.8,Good
5.09,0.03,5.12,Low,5.5,55.5,10,Neutral,No,1.45,6756,43,Female,22.7,Poor
7.87,1.11,8.98,None,40.9,93.1,3,Happy,Yes,1.52,8544,46,Female,22.5,Good
6.45,23.46,5.91,Moderate,5.1,136.3,5,Neutral,No,3.05,3468,44,Female,28.2,Poor
7.39,22.18,5.57,High,2.2,112.6,9,Neutral,No,2.48,7127,42,Female,28.9,Poor
6.54,23.26,5.8,Moderate,14.3,101.2,7,Neutral,No,1.64,3581,33,Female,17.9,Average
6.54,22.38,4.92,None,26.8,93.5,2,Neutral,Yes,2.81,7491,53,Male,24.6,Average
7.72,22.49,6.21,Low,14.4,108.0,4,Happy,No,1.68,8939,51,Female,20.8,Average
5.83,23.28,5.11,Moderate,8.1,99.1,6,Happy,Yes,0.83,7498,33,Female,22.6,Poor
6.62,22.31,4.93,Low,20.4,43.7,0,Anxious,Yes,2.69,8826,50,Male,24.6,Average
5.9,23.04,4.94,Moderate,10.7,92.1,6,Neutral,No,3.35,4900,20,Female,22.8,Poor
5.94,20.66,2.6,Moderate,67.5,41.7,10,Neutral,No,2.59,6813,40,Male,24.3,Average
6.1,23.82,5.92,Moderate,64.0,93.6,7,Happy,No,0.88,6286,28,Female,25.9,Average
6.79,23.5,6.29,Low,17.4,68.4,7,Neutral,No,2.18,6090,35,Female,24.5,Average
5.88,22.27,4.15,Low,9.9,204.3,8,Neutral,No,2.01,4598,64,Male,21.2,Poor
8.13,0.49,8.62,None,33.4,88.2,5,Neutral,Yes,2.46,5705,58,Male,21.3,Average
5.34,0.91,6.25,Low,0.9,26.8,5,Sad,No,1.61,3662,61,Female,18.5,Poor
6.26,21.09,3.35,Low,16.1,84.0,1,Happy,Yes,1.97,1918,46,Male,20.5,Good
5.93,22.36,4.29,Moderate,10.2,113.4,2,Happy,No,1.21,4898,22,Female,30.4,Average
8.38,22.35,6.73,Moderate,63.3,165.3,3,Sad,Yes,2.36,8878,41,Female,20.7,Good
6.76,22.09,4.85,None,0.3,63.5,3,Anxious,Yes,1.23,7702,46,Female,19.3,Poor
7.84,0.74,8.58,Low,20.1,18.8,7,Happy,No,2.51,3230,46,Female,24.6,Average
4.57,23.21,3.78,None,33.7,126.8,0,Neutral,Yes,1.67,5782,43,Female,23.1,Average
6.85,23.1,5.95,None,16.6,27.9,9,Happy,Yes,0.5,9077,57,Female,22.8,Average
7.66,20.49,4.15,Moderate,2.2,70.4,3,Happy,No,2.76,5655,20,Male,28.4,Good
6.61,0.45,7.06,None,89.8,78.4,10,Happy,Yes,2.55,2747,19,Male,25.4,Average
7.89,21.64,5.53,Low,18.2,86.9,10,Happy,Yes,3.15,13773,42,Male,21.6,Average
5.83,23.59,5.42,None,23.8,121.0,10,Sad,No,0.74,6499,36,Female,22.0,Poor
8.33,23.92,8.25,High,6.7,59.2,3,Neutral,No,1.74,3509,57,Male,21.7,Good
9.49,1.54,11.03,Moderate,16.5,77.7,0,Happy,No,2.29,7514,19,Female,26.6,Good
6.03,21.54,3.57,None,14.0,89.4,2,Happy,No,2.6,6743,36,Male,22.4,Good
5.92,20.0,1.92,Low,1.9,96.7,4,Sad,No,1.18,2376,18,Female,17.2,Average
8.39,23.78,8.17,Moderate,2.8,94.4,5,Happy,No,2.5,7280,44,Female,23.3,Good
8.55,2.0,10.55,High,45.4,109.6,8,Neutral,No,1.8,9951,62,Female,18.1,Good
5.82,1.36,7.18,None,6.9,128.0,8,Happy,Yes,0.9,6301,52,Female,31.1,Poor
5.95,23.81,5.76,High,5.4,107.7,8,Neutral,No,1.67,819,58,Female,20.1,Average
6.13,22.76,4.89,High,17.6,110.4,10,Happy,No,2.56,8026,22,Male,22.9,Poor
4.75,0.71,5.46,High,36.6,18.8,0,Happy,No,0.93,8809,55,Female,24.4,Average
5.31,22.04,3.35,Moderate,1.6,92.3,8,Happy,Yes,2.65,5241,21,Male,22.5,Poor
5.19,0.21,5.4,Moderate,21.5,111.6,7,Happy,Yes,2.4,5263,34,Female,22.5,Poor
5.5,0.26,5.76,Low,3.2,122.8,1,Neutral,No,2.02,13774,38,Female,25.0,Good
6.45,1.09,7.54,Moderate,0.9,58.8,10,Neutral,Yes,1.06,5025,48,Female,28.8,Poor
6.8,2.0,8.8,Low,1.4,60.3,0,Happy,No,1.11,3634,39,Male,26.2,Good
8.52,0.09,8.61,Moderate,44.9,64.2,0,Happy,No,1.92,7075,28,Female,28.7,Good
5.2,22.74,3.94,Low,3.1,114.1,5,Neutral,No,1.41,8725,51,Male,19.8,Poor
7.78,23.46,7.24,Moderate,1.2,136.5,8,Neutral,Yes,1.97,8597,32,Female,24.6,Good
6.22,20.85,3.07,Moderate,14.4,71.7,6,Anxious,No,2.83,500,27,Male,24.0,Poor
6.44,22.46,4.9,None,46.4,130.9,4,Neutral,No,2.01,5018,55,Male,24.7,Good
7.38,22.89,6.27,Moderate,7.6,95.6,10,Neutral,No,1.99,10459,49,Male,28.3,Average
5.04,22.71,3.75,Low,13.7,84.4,1,Neutral,Yes,1.99,7980,48,Female,22.7,Poor
7.0,23.73,6.73,Moderate,1.0,80.5,0,Anxious,Yes,2.91,3293,54,Female,22.1,Average
6.72,22.27,4.99,Low,14.9,123.6,1,Sad,No,3.11,10727,61,Male,25.4,Good
7.14,1.18,8.32,Low,21.5,104.7,0,Happy,Yes,2.5,9895,45,Female,17.3,Good
6.88,23.5,6.38,High,21.2,192.4,2,Happy,No,2.3,6110,48,Female,22.7,Average
9.69,23.49,9.18,Low,10.1,51.6,5,Happy,No,2.36,9638,23,Female,23.0,Good
5.67,23.01,4.68,Moderate,9.5,113.3,7,Neutral,No,3.2,12999,31,Male,20.3,Poor
5.81,23.73,5.54,Low,2.8,66.2,2,Sad,No,2.53,3837,40,Male,27.2,Average
5.69,0.74,6.43,Low,11.4,50.9,9,Neutral,Yes,3.27,8666,33,Female,19.8,Poor
5.78,22.2,3.98,Low,2.6,89.5,8,Happy,Yes,1.91,12958,42,Male,23.0,Average
5.67,22.51,4.18,Moderate,36.4,96.2,9,Sad,Yes,1.27,8959,56,Female,24.5,Poor
8.05,23.04,7.09,Low,84.7,221.3,4,Sad,Yes,1.73,4737,19,Female,28.2,Good
8.35,21.48,5.83,None,87.7,81.7,6,Happy,No,1.81,7717,55,Male,23.5,Good
5.76,22.27,4.03,Low,50.1,39.1,7,Neutral,Yes,3.32,11110,58,Male,26.8,Poor
5.42,22.79,4.21,None,23.0,102.3,2,Neutral,No,2.72,3953,56,Female,26.0,Good
7.11,0.81,7.92,High,30.2,0.0,1,Anxious,No,1.75,6910,51,Female,23.9,Good
5.78,23.89,5.67,High,8.4,85.9,1,Sad,No,2.77,6270,57,Female,19.7,Good
7.32,23.79,7.11,Low,24.9,90.7,4,Neutral,Yes,2.11,5106,60,Male,18.5,Average
6.76,0.78,7.54,Moderate,15.2,125.8,0,Neutral,Yes,3.34,7725,42,Male,23.9,Average
4.53,23.29,3.82,Low,16.4,133.8,1,Anxious,Yes,1.97,6698,53,Female,21.6,Poor
8.51,0.09,8.6,Moderate,35.4,67.3,8,Neutral,No,1.12,8930,33,Female,26.7,Good
8.83,23.35,8.18,Moderate,8.3,83.2,6,Happy,Yes,2.07,10423,35,Male,26.1,Good
5.7,23.9,5.6,High,9.6,55.5,5,Sad,No,1.97,3182,30,Female,22.9,Poor
6.0,22.63,4.63,Low,64.6,39.2,8,Happy,No,1.26,7203,54,Male,19.4,Average
6.87,20.0,2.87,Moderate,1.4,103.9,6,Neutral,No,2.61,6841,44,Male,25.3,Average
6.93,23.3,6.23,Low,16.6,32.7,10,Anxious,No,3.2,7610,51,Female,19.9,Poor
7.36,1.63,8.99,High,61.0,71.3,4,Sad,Yes,1.41,6954,28,Female,20.8,Average
9.11,0.89,10.0,None,23.6,45.2,8,Neutral,No,2.88,4058,18,Male,20.1,Good
6.27,0.95,7.22,Moderate,19.8,114.7,5,Happy,No,1.78,11364,30,Female,23.0,Good
5.46,1.35,6.81,Moderate,7.2,171.1,5,Neutral,No,2.18,12642,47,Male,27.6,Average
4.71,23.63,4.34,Moderate,10.5,31.4,10,Happy,No,2.11,8641,22,Male,23.5,Poor
5.55,23.8,5.35,None,47.8,6.6,3,Happy,No,2.18,8794,35,Male,21.9,Good
6.46,22.57,5.03,High,20.5,84.4,0,Sad,Yes,2.53,7393,31,Female,18.2,Poor
8.83,23.03,7.86,None,18.1,90.7,4,Happy,Yes,1.48,9908,30,Female,25.4,Good
5.83,0.42,6.25,Moderate,2.6,99.8,10,Neutral,Yes,3.11,500,49,Female,20.8,Poor
6.79,1.31,8.1,None,0.4,69.9,8,Neutral,Yes,2.55,6988,24,Male,23.9,Poor
6.48,23.29,5.77,Low,82.9,81.0,7,Anxious,Yes,2.78,5282,25,Male,22.3,Average
8.04,22.82,6.86,Low,11.8,106.5,7,Neutral,No,1.65,7437,24,Male,26.4,Average
9.79,23.5,9.29,Low,23.1,136.8,4,Happy,No,1.42,10278,33,Male,22.9,Good
5.81,0.4,6.21,None,2.1,2.0,8,Happy,No,3.03,7057,60,Female,23.3,Poor
5.86,21.33,3.19,None,28.7,73.4,2,Neutral,No,1.39,5919,48,Female,25.2,Good
7.86,20.06,3.92,Low,67.4,99.6,2,Neutral,No,2.3,2790,44,Female,30.9,Good
7.39,22.67,6.06,Moderate,21.4,48.7,0,Neutral,Yes,2.91,6672,50,Male,26.6,Good
8.9,21.67,6.57,High,3.4,167.9,8,Neutral,Yes,2.11,9017,46,Male,23.2,Poor
7.26,22.74,6.0,None,21.8,61.4,5,Happy,No,3.02,4477,25,Female,23.5,Good
6.03,23.28,5.31,Low,36.3,88.1,1,Neutral,Yes,2.01,990,50,Male,21.7,Average
7.27,22.82,6.09,None,13.0,115.0,7,Neutral,Yes,1.31,13823,58,Female,20.2,Average
7.94,1.68,9.62,None,53.0,63.4,8,Happy,Yes,2.46,8006,36,Male,21.6,Good
7.57,23.99,7.56,Moderate,26.2,6.9,8,Happy,Yes,2.34,6335,38,Male,20.8,Average
7.16,23.95,7.11,Moderate,57.4,70.7,1,Happy,No,4.08,11173,58,Male,25.8,Good
7.89,0.43,8.32,None,24.4,136.3,1,Happy,No,1.54,7424,38,Male,19.8,Good
8.02,21.79,5.81,None,3.5,74.8,6,Neutral,No,2.02,10996,42,Male,28.2,Good
8.3,1.06,9.36,None,9.3,51.9,10,Happy,No,1.69,10739,59,Female,26.1,Good
7.34,23.39,6.73,Moderate,5.6,131.7,3,Happy,No,2.1,3176,40,Female,23.6,Good
6.28,0.51,6.79,High,59.9,75.1,0,Happy,Yes,2.07,8380,28,Female,23.5,Good
6.69,21.89,4.58,None,35.7,67.0,7,Anxious,Yes,1.59,12176,50,Male,21.5,Average
8.07,21.17,5.24,None,28.2,96.7,1,Anxious,Yes,2.53,4004,37,Female,24.4,Good
5.44,0.73,6.17,High,9.0,124.7,2,Happy,No,2.05,4041,42,Female,27.3,Poor
6.98,0.06,7.04,High,5.1,197.2,4,Happy,No,3.14,4548,43,Male,21.0,Good
5.99,22.15,4.14,Low,35.3,127.2,2,Happy,No,1.75,9671,57,Male,18.1,Good
6.54,22.2,4.74,None,16.1,142.2,6,Neutral,Yes,3.5,7853,29,Female,26.0,Average
8.16,1.19,9.35,None,6.4,67.2,6,Happy,No,2.39,1193,49,Female,24.6,Good
6.75,21.72,4.47,Moderate,24.0,43.8,1,Neutral,No,3.09,8023,50,Female,19.6,Good
6.56,1.96,8.52,Low,1.0,92.8,6,Neutral,No,2.28,6244,27,Female,20.9,Poor
4.73,22.15,2.88,None,9.9,94.8,10,Anxious,No,1.65,6663,21,Female,20.5,Poor
7.47,0.46,7.93,Moderate,15.8,41.5,5,Happy,No,2.02,4489,32,Male,21.0,Good
7.34,23.01,6.35,None,4.0,82.1,9,Sad,No,1.23,8045,23,Female,22.4,Average
9.31,0.4,9.71,Moderate,104.4,108.0,8,Sad,No,2.12,10151,44,Female,22.6,Average
6.1,22.68,4.78,Low,5.9,106.2,8,Happy,Yes,2.32,5074,22,Female,21.2,Poor
6.78,23.26,6.04,None,3.5,112.7,1,Neutral,No,2.23,1953,22,Female,20.8,Good
6.82,23.56,6.38,Moderate,5.7,103.1,6,Happy,Yes,3.13,6091,35,Female,22.7,Poor
8.55,22.0,6.55,Low,36.6,67.2,4,Happy,Yes,2.1,9269,45,Female,24.1,Good
6.38,0.61,6.99,High,13.9,66.9,5,Happy,No,0.87,5737,52,Male,22.4,Good
6.86,22.73,5.59,Low,20.8,36.0,0,Neutral,No,4.68,2507,39,Male,27.6,Good
7.29,23.16,6.45,Low,0.5,170.3,6,Neutral,Yes,1.72,9290,51,Male,25.3,Average
6.74,22.01,4.75,Moderate,0.9,90.6,5,Anxious,No,2.88,11246,21,Female,17.9,Average
5.92,20.0,1.92,Low,14.8,79.9,3,Happy,Yes,1.15,7060,35,Female,25.3,Average
6.75,23.21,5.96,High,42.4,48.2,0,Anxious,No,2.37,2183,58,Male,25.6,Good
7.9,2.0,9.9,Low,54.1,222.1,8,Happy,No,1.64,6047,43,Female,22.0,Good
5.17,0.68,5.85,Low,2.3,41.7,3,Sad,No,0.5,7455,59,Female,18.3,Poor
6.67,23.47,6.14,None,19.3,70.7,1,Happy,No,2.0,4571,39,Female,23.5,Good
5.59,23.11,4.7,Low,61.1,108.7,7,Happy,No,2.16,8750,64,Male,23.5,Poor
8.05,23.53,7.58,Moderate,12.3,117.0,1,Anxious,No,2.05,4278,50,Male,19.6,Good
4.52,0.32,4.84,Moderate,44.2,133.1,4,Happy,Yes,2.37,7077,60,Male,18.4,Poor
5.77,21.73,3.5,None,3.6,171.3,10,Neutral,No,2.01,6315,31,Female,23.2,Average
6.99,1.17,8.16,None,68.5,112.8,5,Neutral,No,2.25,8848,48,Male,22.7,Good
8.54,0.57,9.11,Moderate,34.8,42.5,10,Neutral,No,2.32,6957,27,Male,22.0,Average
6.41,0.58,6.99,High,70.9,78.4,7,Neutral,Yes,2.18,6411,41,Male,23.2,Poor
5.78,0.16,5.94,None,28.2,103.9,10,Sad,Yes,2.08,4591,38,Female,19.6,Poor
8.95,23.53,8.48,Low,11.3,183.1,0,Happy,Yes,1.57,7104,25,Male,22.0,Good
4.62,0.51,5.13,Low,69.6,27.1,0,Neutral,No,2.62,6219,49,Male,25.4,Average
3.64,0.39,4.03,High,8.1,144.1,3,Anxious,No,2.0,4388,48,Female,22.3,Poor
7.07,22.97,6.04,None,10.1,98.1,4,Happy,Yes,1.95,7478,51,Male,17.6,Average
5.85,22.64,4.49,None,30.2,127.7,8,Happy,No,2.56,8092,40,Female,21.8,Average
5.17,23.65,4.82,Moderate,36.2,85.4,10,Sad,No,2.35,5985,42,Female,19.8,Poor
7.42,1.82,9.24,None,66.3,52.1,6,Neutral,Yes,1.71,9795,24,Male,24.4,Average
6.82,21.64,4.46,Low,5.7,123.8,6,Neutral,No,3.08,7792,36,Male,24.6,Average
5.77,21.3,3.07,Low,40.0,119.4,7,Happy,No,1.37,3148,24,Male,17.7,Average
4.84,23.75,4.59,Low,33.5,133.7,4,Neutral,No,1.48,11012,64,Female,26.2,Poor
7.63,23.58,7.21,Low,1.6,89.4,4,Happy,No,2.67,9301,25,Male,19.6,Good
7.35,23.76,7.11,Low,12.2,63.0,0,Neutral,Yes,3.43,10005,31,Male,29.0,Good
6.37,23.87,6.24,None,8.3,19.9,8,Sad,No,1.8,8202,18,Male,23.3,Average
8.9,23.17,8.07,Moderate,9.1,126.9,5,Happy,Yes,2.49,500,30,Female,19.1,Average
5.11,1.73,6.84,Moderate,101.8,109.1,8,Neutral,Yes,1.37,10278,20,Female,19.5,Poor
4.52,21.1,1.62,Moderate,25.7,46.5,2,Anxious,No,1.55,7182,45,Female,24.7,Average
5.6,22.26,3.86,None,31.6,65.8,4,Neutral,No,2.99,8060,55,Male,22.1,Average
6.44,23.35,5.79,None,93.9,69.0,1,Sad,No,2.46,8621,32,Male,23.2,Good
6.82,21.04,3.86,Low,11.8,23.3,9,Neutral,Yes,3.01,12809,53,Female,29.1,Poor
6.19,23.24,5.43,Low,40.5,53.2,4,Sad,No,2.96,5361,20,Male,21.1,Average
6.96,1.99,8.95,Low,14.3,39.0,7,Happy,No,0.74,5439,21,Male,23.7,Good
4.87,23.53,4.4,Moderate,50.9,71.4,10,Happy,No,1.36,4447,22,Female,28.5,Poor
8.38,23.85,8.23,None,5.0,56.8,1,Happy,No,2.39,3790,43,Female,24.4,Good
6.39,21.61,4.0,None,73.8,16.8,7,Neutral,No,1.01,3845,42,Female,17.9,Good
7.95,22.58,6.53,Low,6.2,181.0,3,Sad,No,1.46,1445,27,Male,25.3,Good
6.95,22.94,5.89,Moderate,9.9,146.4,9,Happy,Yes,3.2,8280,25,Male,19.4,Poor
7.09,23.02,6.11,None,35.3,54.9,9,Neutral,No,1.82,12963,29,Male,28.4,Average
7.24,1.42,8.66,Moderate,12.5,102.3,0,Sad,Yes,2.7,13155,20,Female,20.6,Good
7.08,0.34,7.42,Low,23.4,108.8,4,Neutral,Yes,2.18,4443,44,Female,33.9,Average
7.34,21.83,5.17,High,14.7,143.6,0,Neutral,Yes,1.72,6184,40,Male,28.6,Average
8.23,23.87,8.1,High,33.9,53.2,6,Neutral,Yes,1.04,10700,57,Female,20.7,Average
6.76,0.25,7.01,Low,6.5,139.1,7,Happy,Yes,2.36,8297,50,Female,23.6,Poor
7.42,1.21,8.63,None,1.5,65.3,2,Happy,Yes,3.22,7404,31,Male,26.1,Good
6.38,1.87,8.25,Low,8.9,29.9,2,Anxious,Yes,1.74,6230,40,Female,26.2,Average
8.37,21.98,6.35,None,16.1,122.6,6,Happy,No,2.25,10535,48,Male,25.0,Average
5.62,22.28,3.9,Moderate,4.6,148.1,3,Happy,Yes,1.14,3781,30,Female,27.9,Poor
8.84,21.61,6.45,Moderate,11.0,206.5,2,Anxious,No,1.73,8443,29,Male,23.1,Average
6.45,23.15,5.6,Moderate,12.8,36.0,7,Happy,Yes,2.44,8035,52,Female,22.2,Good
4.64,0.2,4.84,Moderate,1.5,121.5,2,Neutral,No,2.72,7130,35,Male,22.3,Poor
6.67,0.98,7.65,Low,21.9,71.6,6,Happy,No,2.59,9363,38,Female,26.5,Good
5.61,23.39,5.0,None,53.9,125.3,1,Neutral,No,0.78,7101,62,Female,24.8,Good
7.59,23.02,6.61,Moderate,4.1,23.8,10,Happy,No,1.88,5396,64,Female,24.5,Average
5.65,23.73,5.38,Low,22.8,33.2,10,Happy,Yes,1.52,7278,59,Female,26.3,Poor
5.92,22.25,4.17,Moderate,27.3,55.1,0,Neutral,No,1.98,2224,18,Female,16.3,Good
4.04,2.0,6.04,Low,13.6,93.6,5,Sad,No,2.12,8838,55,Male,24.6,Poor
5.91,21.09,3.0,None,30.2,61.2,7,Neutral,No,2.95,9605,58,Male,24.3,Good
3.35,23.78,3.13,High,13.2,119.7,0,Anxious,No,2.41,5030,59,Male,29.3,Poor
4.44,2.0,6.44,None,17.6,136.2,9,Happy,Yes,3.19,4316,64,Female,18.1,Poor
7.49,23.51,7.0,High,0.2,117.0,8,Neutral,No,1.71,5141,26,Male,29.0,Poor
7.52,23.21,6.73,High,29.4,162.8,2,Neutral,Yes,1.21,6811,40,Female,23.8,Average
7.05,22.96,6.01,Moderate,27.1,108.7,2,Anxious,No,3.22,7648,31,Female,25.2,Average
5.24,23.23,4.47,Moderate,1.0,35.2,3,Happy,Yes,2.5,11846,28,Male,29.4,Poor
6.44,1.56,8.0,Moderate,11.5,151.4,10,Neutral,No,1.68,11467,24,Male,25.5,Poor
6.5,20.18,2.68,High,96.6,62.8,0,Anxious,Yes,2.51,9495,48,Female,24.9,Average
4.99,1.8,6.79,Low,13.6,131.0,8,Happy,Yes,2.78,7364,41,Female,24.3,Poor
8.45,21.36,5.81,Low,17.4,160.8,10,Anxious,No,2.28,4219,43,Male,21.8,Average
7.64,23.1,6.74,Moderate,60.2,110.6,2,Happy,No,1.69,12039,47,Male,23.4,Good
6.21,22.86,5.07,Low,31.6,22.7,9,Sad,No,1.89,6257,51,Female,21.0,Poor
6.53,0.38,6.91,Low,21.8,48.7,3,Anxious,Yes,2.4,7844,63,Female,23.3,Average
6.77,21.1,3.87,Low,40.0,149.5,0,Neutral,Yes,2.34,8882,55,Male,15.3,Good
3.85,0.19,4.04,Moderate,49.9,82.4,3,Neutral,No,3.05,7185,22,Female,25.0,Average
6.18,2.0,8.18,High,15.3,93.6,0,Happy,No,2.01,10453,22,Female,23.1,Good
5.61,21.46,3.07,None,16.1,124.1,4,Anxious,No,1.53,8366,36,Male,22.3,Average
5.2,23.78,4.98,High,12.2,121.3,4,Neutral,No,4.0,9966,55,Male,24.3,Poor
6.13,22.51,4.64,Moderate,85.1,102.5,10,Happy,No,2.32,8342,45,Female,18.5,Poor
8.84,0.14,8.98,Moderate,29.9,80.6,6,Neutral,No,2.78,6886,43,Female,30.3,Good
7.33,23.53,6.86,Moderate,2.2,75.9,7,Neutral,No,2.57,7223,59,Male,23.1,Average
5.76,22.54,4.3,Moderate,49.7,128.6,3,Happy,No,2.33,6813,40,Female,23.0,Average
7.24,0.23,7.47,None,16.4,114.9,6,Happy,No,2.04,3147,63,Male,20.1,Good
8.32,2.0,10.32,Moderate,1.8,78.4,3,Happy,No,0.5,3998,47,Female,23.6,Good
7.7,23.21,6.91,None,19.9,138.7,2,Neutral,No,1.46,9222,20,Male,28.4,Good
6.58,0.58,7.16,High,13.5,84.2,5,Neutral,Yes,2.43,3222,45,Female,27.1,Poor
5.66,21.56,3.22,High,52.5,51.7,3,Neutral,Yes,0.5,5787,50,Female,26.5,Poor
7.41,22.07,5.48,Low,5.7,55.8,2,Sad,Yes,2.25,3850,59,Female,25.4,Average
7.01,0.21,7.22,None,43.8,46.0,8,Anxious,No,2.66,5627,20,Male,22.2,Good
7.66,1.73,9.39,Moderate,20.4,77.7,4,Neutral,Yes,2.78,6534,22,Male,18.4,Good
7.33,0.03,7.36,Low,1.4,145.5,6,Happy,Yes,2.62,5781,36,Male,22.8,Average
7.86,23.03,6.89,High,89.3,53.8,5,Neutral,No,2.87,2715,59,Female,22.7,Good
5.8,23.5,5.3,None,18.0,98.5,9,Neutral,No,3.32,6443,18,Female,27.2,Poor
8.21,21.62,5.83,None,8.6,60.4,4,Neutral,No,2.97,4123,55,Male,24.6,Good
6.76,0.41,7.17,High,15.8,78.3,6,Neutral,No,2.34,5090,26,Male,29.1,Poor
9.2,0.82,10.02,Moderate,48.8,22.0,10,Neutral,No,2.11,9222,22,Female,27.7,Average
5.6,22.82,4.42,Moderate,9.1,80.1,5,Anxious,No,2.28,9866,63,Female,21.9,Average
8.76,22.79,7.55,Low,5.4,81.3,9,Happy,No,2.01,3067,59,Female,17.2,Good
6.76,23.9,6.66,Moderate,3.5,114.3,1,Neutral,No,2.98,11706,51,Female,28.3,Good
5.65,22.84,4.49,Moderate,8.8,100.0,2,Happy,Yes,2.6,5470,54,Male,28.3,Poor
5.87,23.4,5.27,Moderate,37.9,36.1,1,Anxious,No,1.93,5197,50,Male,18.7,Average
6.08,2.0,8.08,Moderate,15.9,138.8,2,Happy,Yes,3.13,4325,42,Female,28.8,Average
7.05,23.13,6.18,Moderate,6.5,99.5,0,Happy,Yes,2.0,7168,59,Female,24.8,Average
7.18,22.96,6.14,Low,4.5,98.9,7,Happy,No,1.54,12945,46,Female,24.1,Good
5.75,22.53,4.28,Low,10.1,89.6,5,Neutral,Yes,2.19,2381,42,Male,29.2,Poor
6.47,0.62,7.09,Moderate,70.3,66.7,1,Happy,No,1.62,829,26,Male,28.2,Good
9.28,23.23,8.51,None,10.5,99.8,7,Neutral,No,2.86,7806,20,Female,25.8,Good
8.75,22.53,7.28,Moderate,110.8,111.4,5,Neutral,No,1.61,8708,32,Female,25.2,Good
7.07,1.48,8.55,None,16.6,11.4,6,Happy,No,2.12,7158,21,Female,25.7,Good
6.55,1.63,8.18,Moderate,4.9,65.8,10,Happy,No,2.86,8787,62,Female,22.1,Average
6.66,22.6,5.26,Moderate,55.4,78.5,0,Sad,Yes,1.7,3606,55,Female,23.3,Good
7.3,20.7,4.0,None,15.4,101.5,6,Neutral,No,2.49,4165,37,Female,20.3,Average
5.17,1.01,6.18,None,30.9,143.7,2,Sad,No,1.52,7372,40,Male,22.3,Average
6.17,22.47,4.64,None,102.9,55.3,10,Neutral,No,2.37,12274,54,Male,22.2,Good
4.33,0.69,5.02,Moderate,1.3,67.6,7,Happy,No,2.6,8682,64,Male,21.3,Poor
7.02,20.54,3.56,Moderate,2.5,66.9,5,Happy,Yes,2.17,8822,25,Female,24.0,Average
7.34,0.84,8.18,None,31.9,53.9,3,Happy,Yes,2.22,3779,54,Female,22.4,Good
5.87,21.68,3.55,Moderate,8.3,74.4,10,Sad,Yes,2.51,8267,62,Female,25.3,Poor
8.55,0.6,9.15,Low,5.1,124.7,7,Anxious,No,2.0,3454,50,Male,17.8,Good
4.91,23.52,4.43,Low,1.0,42.6,8,Neutral,No,2.82,12303,50,Female,23.1,Poor
4.6,22.07,2.67,High,0.6,109.3,9,Happy,No,3.16,3964,24,Male,24.0,Poor
6.79,22.89,5.68,Low,37.2,13.4,1,Happy,No,1.55,4611,39,Female,22.4,Good
7.86,0.53,8.39,Low,3.6,64.7,5,Happy,No,3.44,2581,22,Female,22.9,Good
8.69,23.66,8.35,None,15.8,75.2,4,Neutral,No,1.99,7257,63,Female,18.0,Good
5.9,0.38,6.28,None,23.3,165.4,4,Happy,Yes,3.6,7131,32,Male,24.7,Average
7.9,2.0,9.9,Low,14.0,77.6,9,Anxious,Yes,2.0,11540,38,Male,25.8,Poor
6.45,21.15,3.6,None,0.7,0.0,10,Neutral,No,2.7,9329,42,Male,25.2,Average
6.28,1.93,8.21,Moderate,38.3,0.0,2,Anxious,No,2.69,4628,34,Female,27.1,Average
7.65,23.66,7.31,Low,0.3,91.5,7,Sad,No,1.93,9620,24,Male,24.2,Average
7.35,22.15,5.5,Low,35.9,117.6,7,Sad,Yes,2.25,3269,36,Female,25.2,Poor
4.45,21.5,1.95,None,55.9,106.9,4,Neutral,No,3.21,4845,24,Female,24.0,Poor
8.42,23.22,7.64,Low,14.2,97.5,7,Neutral,Yes,1.97,7355,57,Male,25.9,Average
8.29,0.88,9.17,Moderate,19.2,142.3,9,Neutral,Yes,1.91,3604,62,Male,18.0,Average
5.69,23.31,5.0,High,16.2,65.7,7,Neutral,No,1.39,10194,41,Female,20.4,Average
7.01,1.77,8.78,None,12.3,130.3,2,Neutral,Yes,3.3,13838,28,Female,29.1,Average
7.14,21.32,4.46,High,54.6,16.6,1,Anxious,Yes,1.86,6116,58,Female,15.0,Average
6.84,23.48,6.32,Moderate,56.1,49.3,8,Sad,Yes,3.04,5045,18,Female,23.0,Poor
5.78,21.62,3.4,Moderate,10.2,8.7,1,Sad,Yes,1.78,6611,49,Male,27.6,Poor
5.63,0.05,5.68,Low,23.9,77.6,8,Anxious,No,3.02,5328,57,Male,23.2,Poor
6.47,0.83,7.3,None,65.4,87.9,3,Happy,No,2.76,7785,61,Male,22.1,Good
8.02,22.87,6.89,None,81.8,95.1,1,Happy,Yes,2.04,3033,19,Female,24.0,Good
7.21,20.0,3.21,Moderate,17.8,92.8,9,Neutral,Yes,1.69,7956,32,Female,22.3,Poor
6.02,23.8,5.82,Low,15.1,48.3,0,Neutral,Yes,1.74,12736,38,Female,23.6,Average
7.5,0.16,7.66,High,8.2,81.4,3,Sad,No,1.73,994,41,Male,21.1,Good
3.0,0.11,3.11,Low,79.8,22.6,8,Neutral,Yes,2.95,3494,34,Female,27.4,Poor
7.99,1.35,9.34,None,3.9,151.3,8,Neutral,No,2.31,5665,64,Female,28.5,Good
4.24,21.89,2.13,Moderate,21.7,76.3,3,Neutral,Yes,1.42,8626,26,Male,23.0,Poor
6.03,0.52,6.55,Low,8.3,68.0,8,Happy,Yes,2.02,9671,52,Male,18.6,Poor
5.04,1.29,6.33,Low,8.2,161.5,5,Neutral,No,2.11,9430,37,Female,21.7,Poor
4.82,20.83,1.65,Moderate,13.0,34.1,0,Sad,No,0.7,1925,36,Male,22.9,Average
8.01,23.98,7.99,High,120.0,39.3,9,Happy,Yes,2.06,4977,35,Female,25.3,Average
5.89,22.74,4.63,Moderate,1.4,40.7,5,Neutral,No,2.71,4299,37,Male,20.0,Average
6.95,23.38,6.33,Moderate,21.6,86.9,8,Neutral,No,2.1,6804,47,Female,20.8,Average
6.44,0.02,6.46,Moderate,2.2,109.4,1,Happy,No,2.38,7055,57,Male,25.3,Average
7.12,22.77,5.89,High,4.2,123.3,5,Happy,No,2.54,2892,18,Male,26.8,Poor
6.6,22.49,5.09,Low,14.5,205.7,1,Anxious,No,1.96,5681,41,Male,21.3,Good
4.83,23.55,4.38,None,17.9,0.0,3,Neutral,No,2.71,8742,41,Male,18.8,Average
7.8,21.87,5.67,Low,7.5,117.4,7,Happy,Yes,3.22,5115,64,Female,35.0,Poor
5.86,21.87,3.73,None,9.5,64.9,6,Happy,No,1.13,6399,36,Female,26.2,Good
4.48,0.52,5.0,Moderate,2.3,63.6,10,Neutral,No,1.96,12091,47,Male,22.6,Poor
5.94,21.78,3.72,Moderate,9.0,62.1,8,Neutral,Yes,3.83,12970,43,Female,26.5,Poor
8.45,0.5,8.95,Moderate,84.9,49.1,6,Neutral,Yes,2.32,516,59,Male,23.1,Good
7.61,0.19,7.8,None,72.4,165.8,0,Happy,Yes,2.18,7342,61,Male,26.5,Good
6.05,20.91,2.96,Moderate,10.2,127.9,1,Anxious,No,2.02,15751,55,Female,24.1,Average
6.05,22.48,4.53,Low,21.1,91.0,5,Neutral,No,3.09,8437,46,Female,23.8,Average
6.08,1.29,7.37,Moderate,60.1,150.8,6,Happy,No,1.54,7055,30,Female,23.1,Poor
9.2,22.03,7.23,Moderate,0.2,21.9,2,Neutral,Yes,2.85,10938,21,Female,18.4,Average
7.0,22.8,5.8,Low,41.6,30.1,8,Neutral,No,2.01,7654,62,Female,30.3,Average
7.06,0.19,7.25,None,74.1,0.0,6,Anxious,No,1.68,9127,34,Female,20.2,Good
7.84,0.68,8.52,None,2.4,58.5,5,Anxious,No,2.04,6369,50,Female,18.7,Good
6.81,23.12,5.93,Moderate,4.4,97.3,5,Happy,No,2.17,7611,22,Male,22.8,Good
6.16,22.6,4.76,High,80.9,94.6,0,Anxious,No,1.85,8280,45,Female,20.1,Good
6.24,1.63,7.87,Moderate,19.3,96.7,4,Sad,No,2.98,9597,41,Male,23.3,Good
6.41,2.0,8.41,None,0.4,26.5,9,Anxious,No,1.68,5705,34,Female,25.9,Average
6.45,0.97,7.42,Low,7.4,126.1,2,Happy,No,2.3,5623,56,Female,27.0,Average
7.45,23.63,7.08,Moderate,14.9,100.8,6,Neutral,No,2.58,1218,57,Male,26.4,Poor
6.57,22.29,4.86,Moderate,29.5,123.0,9,Happy,No,2.29,5839,61,Male,22.4,Poor
7.45,22.25,5.7,None,33.0,4.8,2,Sad,Yes,2.74,9859,63,Male,23.7,Good
6.4,0.28,6.68,None,120.0,104.0,4,Happy,Yes,1.9,8390,28,Male,24.9,Good
6.6,0.13,6.73,Moderate,8.5,36.6,6,Neutral,Yes,2.64,4010,29,Female,17.3,Poor
3.9,1.6,5.5,Low,19.3,72.1,2,Happy,No,2.66,1288,30,Female,25.5,Poor
7.69,0.48,8.17,Low,19.1,114.0,9,Happy,No,2.88,6573,25,Male,18.4,Average
6.95,21.25,4.2,None,13.0,94.1,1,Neutral,Yes,0.88,9771,18,Male,30.6,Average
7.8,1.08,8.88,Low,4.6,51.7,5,Anxious,Yes,2.56,5563,26,Female,22.1,Average
3.0,22.0,1.0,High,94.8,90.3,7,Neutral,No,2.83,2665,45,Female,22.9,Poor
9.21,22.92,8.13,High,48.0,21.1,3,Anxious,No,1.91,5231,19,Male,20.8,Good
6.32,23.88,6.2,Moderate,17.2,141.8,8,Happy,No,1.82,7978,31,Female,21.3,Poor
7.94,2.0,9.94,Low,23.1,80.8,7,Neutral,No,1.71,10727,30,Female,31.5,Good
5.15,2.0,7.15,None,6.4,140.3,6,Neutral,No,1.48,6230,19,Male,26.8,Poor
7.3,0.41,7.71,Low,19.6,66.3,6,Happy,No,2.67,10165,21,Male,18.1,Good
5.13,23.23,4.36,Low,29.7,66.4,2,Neutral,No,3.8,9832,29,Male,28.8,Poor
5.69,0.3,5.99,Moderate,18.1,55.6,5,Neutral,Yes,1.81,3470,27,Male,27.7,Poor
8.99,0.83,9.82,Low,115.9,129.4,4,Neutral,No,1.87,10752,20,Female,22.5,Good
6.25,23.02,5.27,None,23.6,58.1,0,Sad,Yes,2.21,7885,21,Male,24.6,Average
6.78,2.0,8.78,None,11.6,119.0,10,Neutral,No,1.08,3380,23,Female,23.4,Average
7.63,23.85,7.48,Low,37.0,72.8,2,Happy,No,1.71,12282,40,Female,30.4,Good
7.14,0.25,7.39,None,4.7,1.1,0,Happy,No,2.16,6623,22,Female,20.7,Good
6.7,0.5,7.2,None,12.1,64.3,3,Neutral,Yes,1.57,1170,20,Female,24.0,Good
6.97,0.13,7.1,High,10.7,36.9,9,Happy,No,3.04,4881,27,Male,22.0,Average
9.62,0.76,10.38,Low,14.1,91.5,2,Happy,Yes,1.29,4143,60,Female,18.5,Good
6.43,22.57,5.0,Low,38.1,36.4,10,Neutral,Yes,2.83,4955,36,Male,31.2,Poor
6.76,22.66,5.42,High,16.5,131.7,3,Neutral,Yes,3.23,5664,31,Female,19.4,Average
7.87,21.85,5.72,High,39.5,85.9,8,Happy,No,2.47,6228,38,Male,24.3,Good
7.94,0.16,8.1,Moderate,21.5,82.0,2,Sad,No,2.1,6115,60,Female,17.4,Good
8.04,0.67,8.71,Moderate,10.5,119.5,5,Neutral,No,2.37,6708,45,Female,22.1,Good
7.33,0.19,7.52,Low,41.5,133.4,5,Happy,No,1.89,8762,38,Male,25.0,Average
5.01,2.0,7.01,Low,6.8,89.1,6,Sad,No,0.77,4761,53,Male,20.6,Poor
8.62,23.49,8.11,Low,6.4,55.3,8,Neutral,No,1.51,10543,41,Male,25.6,Good
5.01,0.5,5.51,Moderate,17.6,10.2,6,Neutral,No,2.19,3324,55,Male,22.6,Poor
6.89,21.86,4.75,Moderate,7.6,59.1,0,Neutral,No,1.54,8845,34,Female,27.6,Good
5.52,22.92,4.44,Low,0.2,62.2,7,Happy,No,1.91,11930,39,Female,28.3,Average
6.42,0.54,6.96,None,26.1,94.8,4,Neutral,No,2.54,6468,36,Female,21.4,Good
6.93,0.77,7.7,Moderate,17.9,74.5,8,Neutral,No,2.3,7580,62,Female,23.8,Average
6.92,23.06,5.98,None,14.7,121.0,9,Anxious,No,2.94,4096,27,Female,24.1,Average
7.05,23.39,6.44,Moderate,85.3,62.4,4,Sad,Yes,2.41,5465,28,Male,25.7,Average
8.6,21.22,5.82,Moderate,21.2,87.4,4,Neutral,Yes,2.45,11703,55,Male,23.6,Good
7.09,22.96,6.05,Moderate,49.8,143.3,1,Happy,No,1.7,9245,19,Female,24.2,Good
6.18,0.84,7.02,Moderate,3.8,105.4,10,Happy,Yes,1.27,8256,50,Male,22.6,Poor
7.75,0.36,8.11,High,21.1,87.3,2,Happy,Yes,1.91,1186,60,Female,23.9,Average
8.05,0.25,8.3,Low,50.6,62.9,9,Neutral,No,1.69,4851,48,Female,28.0,Average
4.9,23.57,4.47,Moderate,21.9,61.5,8,Happy,Yes,2.08,12217,52,Male,25.8,Poor
7.28,23.51,6.79,Moderate,31.6,51.7,6,Neutral,No,1.45,8232,54,Female,26.0,Good
7.41,22.51,5.92,None,11.6,65.7,0,Happy,No,2.79,8607,64,Male,26.0,Good
6.11,0.55,6.66,None,2.4,124.0,2,Anxious,No,1.69,7512,64,Female,23.0,Good
8.29,0.13,8.42,Low,15.3,80.0,1,Happy,Yes,1.95,5161,53,Male,24.6,Good
6.3,0.24,6.54,Low,12.5,29.3,0,Anxious,Yes,2.19,7998,40,Female,19.7,Good
6.66,22.71,5.37,Moderate,50.4,169.6,8,Anxious,No,2.99,2409,53,Female,27.9,Poor
6.28,20.27,2.55,Moderate,7.0,104.4,7,Neutral,Yes,3.43,2184,57,Male,15.0,Poor
6.52,1.15,7.67,None,85.1,26.7,4,Sad,Yes,3.48,4794,56,Female,23.2,Average
5.07,22.78,3.85,None,79.3,70.1,10,Neutral,Yes,1.3,7576,43,Female,27.5,Poor
4.63,22.21,2.84,High,7.1,95.0,1,Neutral,Yes,1.94,2291,42,Male,18.7,Poor
8.57,0.54,9.11,None,10.7,166.7,0,Happy,Yes,1.81,7381,34,Male,24.9,Good
5.4,22.91,4.31,Low,56.5,40.1,6,Happy,No,2.46,4016,32,Male,21.1,Average
5.21,1.09,6.3,Moderate,85.0,133.9,10,Neutral,Yes,2.42,4421,54,Female,22.2,Poor
3.7,0.43,4.13,Low,14.6,153.0,10,Neutral,Yes,1.79,10899,62,Male,26.8,Poor
5.67,0.53,6.2,None,9.7,61.7,1,Neutral,No,1.74,7112,21,Male,24.2,Good
4.78,21.45,2.23,None,18.7,77.5,0,Happy,No,1.5,4289,39,Male,16.4,Good
8.63,1.32,9.95,None,29.1,43.4,1,Neutral,Yes,0.5,7561,34,Female,20.1,Good
7.81,23.89,7.7,Moderate,8.0,80.8,6,Happy,Yes,1.29,2591,39,Male,26.9,Poor
5.61,22.95,4.56,Low,33.3,88.4,6,Happy,No,2.81,8147,34,Female,25.1,Poor
9.43,23.72,9.15,None,1.3,119.7,9,Happy,No,3.23,10322,31,Female,29.6,Average
7.78,20.84,4.62,Moderate,1.3,139.1,5,Happy,No,3.14,8985,31,Male,29.4,Good
6.08,0.11,6.19,Moderate,12.2,56.3,4,Happy,No,2.84,13473,34,Female,22.3,Average
3.25,21.96,1.21,None,10.9,1.5,2,Sad,Yes,1.49,1185,25,Female,32.3,Poor
9.48,21.47,6.95,Low,9.5,89.0,2,Happy,No,1.37,7381,51,Female,23.6,Good
4.69,21.22,1.91,Moderate,16.9,103.2,10,Neutral,Yes,0.93,2969,43,Female,20.1,Poor
4.36,1.17,5.53,Low,9.7,101.2,8,Happy,No,1.79,6480,62,Female,21.3,Poor
7.83,22.56,6.39,Low,5.3,75.3,3,Anxious,No,2.26,7005,47,Male,15.6,Good
9.67,1.8,11.47,Moderate,9.3,95.6,8,Neutral,No,1.49,13840,39,Male,29.1,Good
8.3,22.7,7.0,High,92.1,158.2,3,Happy,Yes,2.5,6821,33,Male,29.1,Good
7.23,20.94,4.17,Moderate,13.2,107.2,1,Neutral,Yes,2.66,6765,47,Female,19.9,Average
7.27,21.83,5.1,Moderate,14.7,73.2,3,Neutral,No,1.87,10015,33,Male,22.7,Good
7.61,1.35,8.96,Moderate,21.5,67.5,5,Neutral,No,1.26,6842,55,Female,23.8,Good
7.49,23.27,6.76,Low,102.4,82.4,5,Happy,No,3.17,12493,41,Female,20.1,Good
6.87,22.68,5.55,Moderate,6.9,163.7,4,Anxious,Yes,2.22,9009,53,Female,17.4,Poor
6.64,23.74,6.38,Low,28.6,81.8,0,Neutral,Yes,3.56,9486,52,Female,22.8,Good
6.42,0.25,6.67,None,31.5,89.1,2,Happy,No,2.26,1397,23,Male,22.4,Good
5.52,1.18,6.7,Moderate,23.4,68.3,4,Sad,Yes,2.31,12956,21,Female,22.1,Poor
6.14,1.67,7.81,Moderate,2.3,139.5,5,Neutral,No,1.52,5031,35,Male,24.3,Average
4.3,22.96,3.26,Low,28.2,178.2,0,Sad,No,1.9,6971,23,Male,28.5,Poor
6.37,21.51,3.88,High,1.7,110.3,8,Neutral,No,1.11,5042,43,Female,22.4,Average
5.21,22.88,4.09,None,22.7,93.7,2,Sad,No,1.26,3927,54,Male,24.1,Poor
5.07,23.89,4.96,Low,33.6,91.7,9,Happy,No,2.72,3393,44,Male,26.0,Poor
6.73,22.05,4.78,None,5.9,0.0,2,Sad,Yes,2.0,7310,58,Male,25.4,Average
8.31,22.06,6.37,Moderate,46.1,123.5,10,Sad,No,1.9,1090,28,Female,21.3,Average
7.69,0.02,7.71,Moderate,0.8,96.0,1,Happy,Yes,1.68,6272,55,Female,23.8,Good
4.46,23.43,3.89,Low,46.4,109.3,7,Happy,No,1.93,10173,33,Female,25.4,Poor
5.21,23.55,4.76,Moderate,15.4,58.0,2,Happy,Yes,2.99,8896,36,Male,19.6,Poor
7.72,22.36,6.08,Low,6.1,72.7,5,Anxious,No,2.3,8297,60,Male,27.9,Average
5.22,23.15,4.37,Moderate,3.6,71.5,1,Happy,Yes,1.37,4314,32,Female,28.5,Poor
6.21,22.11,4.32,Low,76.6,136.0,6,Neutral,Yes,2.92,2242,43,Female,21.0,Poor
7.22,0.84,8.06,Low,1.9,73.0,3,Happy,No,3.41,10125,58,Male,24.2,Good
5.24,1.05,6.29,High,5.6,183.7,8,Neutral,Yes,2.55,5653,48,Female,25.7,Poor
6.64,20.73,3.37,Low,10.7,109.4,9,Neutral,No,2.82,6751,36,Female,21.6,Poor
4.77,22.11,2.88,None,24.2,32.6,8,Anxious,No,3.05,6407,41,Male,25.2,Poor
5.72,21.26,2.98,Moderate,19.7,84.2,6,Neutral,Yes,1.04,9017,26,Male,24.1,Poor
6.92,22.52,5.44,High,3.4,60.7,7,Sad,No,3.5,12530,40,Female,18.4,Poor
4.43,23.37,3.8,Low,8.6,0.0,2,Neutral,Yes,2.97,11387,21,Female,25.1,Poor
7.07,21.33,4.4,None,6.8,162.0,10,Happy,Yes,2.54,500,27,Female,19.6,Average
6.47,22.12,4.59,Low,6.0,121.6,4,Happy,No,2.11,6074,26,Female,26.8,Good
7.22,21.99,5.21,Low,13.2,114.0,1,Neutral,No,1.26,2960,36,Male,21.2,Good
6.79,23.81,6.6,None,30.4,97.4,9,Anxious,Yes,1.97,9815,32,Female,22.9,Average
8.27,23.6,7.87,Moderate,6.1,27.8,6,Anxious,No,2.51,7012,51,Female,28.3,Poor
